"Tasty Congee & Noodle Wantun Shop, ""S-B1-05, Stone Zone, Taikoo Li Qiantan, Lane 500, Dongyu Road, Pudong, Shanghai, 中國"""
"Nanxiang Steamed Bun (Yuyuan Road),""85 Yuyuan Road, City God Temple, Huangpu, Shanghai, 中國"""
"Qiao Ai Lai Lai Xiao Long (Huangpu),""506 Tianjin Road, Huangpu, Shanghai, 中國"""
"Polux,""No. 5, Xintiandi Beili, Lane 181, Taicang Road, Huangpu, Shanghai, 中國"""
"Rong Cuisine, ""1-2F, 128 Taicang Road, Huangpu, Shanghai, 中國"""
"The Commune Social,""511 Jiangning Road, Jingan, Shanghai, 中國"""
"A Niang Mian Guan,""36 Sinan Road, Huangpu, Shanghai, 中國"""
"Mao Long,""134 Jinxian Road, Huangpu, Shanghai, 中國"""
"Yangzhou Fan Dian (Huangpu),""345 Middle Fujian Road, Huangpu, Shanghai, 中國"""
"Cong's Kitchen,""158 Luhe Road, Huangpu, Shanghai, 中國"""
"Jingmei Wuxi Noodles (Jingan),""128 Yanping Road, Jingan, Shanghai, 中國"""
"Lan Xin (Jinxian Road),""130 Jinxian Road, Huangpu, Shanghai, 中國"""
"YongFu Mini (Pudong),""Shop 910, 9F, L+Mall, 899 South Pudong Road, Pudong, Shanghai, 中國"""
"Mi Thai,""2F, 195 Anfu Road, Xuhui, Shanghai, 中國"""
"Lao Di Fang Mian Guan,""107 Sinan Road, Huangpu, Shanghai, 中國"""
"Ho Hung Kee,""L324, South Building, HKRI Taikoo Hui, 288 Shimen Yi Road, Jingan, Shanghai, 中國"""
"The Lakeside Veggie, ""L2-016-017, Sunny Walk, 230 Ruiping Road, Xuhui, Shanghai, 中國"""
"Hao Sheng,""156 Guangyuan Road, Xuhui, Shanghai, 中國"""
"Xiao Tao Mian Guan,""222 Jiashan Road, Xuhui, Shanghai, 中國"""
"Rongjia Noodles Soup with Yellow Croaker (Jingan), ""L105A-1, 688 Plaza, 688 West Nanjing Road, Jingan, Shanghai, 中國"""
"Lu Bo Lang,""115 Yuyuan Old Street, City God Temple, Huangpu, Shanghai, 中國"""
"Wang Lu, ""01-02, 3F, New Bund 31 Mall, No.15, Lane 666, West Haiyang Road, Pudong, Shanghai, 中國"""
"Easeful Cuisine (Jingan),""2F, 90 South Shaanxi Road, Jingan, Shanghai, 中國"""
"Gong De Lin (West Nanjing Road),""445 West Nanjing Road, Huangpu, Shanghai, 中國"""
"Chun,""124 Jinxian Road, Huangpu, Shanghai, 中國"""
"Yu Ge Zhanjiang (Jingan),""358 West Yan'an Road, Jingan, Shanghai, 中國"""
"Da Hu Chun (Middle Sichuan Road),""136 Middle Sichuan Road, Huangpu, Shanghai, 中國"""
"Yu Du Lao Wei Mian (Huangpu),""501 Liyuan Road, Huangpu, Shanghai, 中國"""
"Chic 1699,""L807, 8F, Times Square, 500 Zhangyang Road, Pudong, Shanghai, 中國"""
"Yunhe Noodle (Huangpu),""344 Changle Road, Huangpu, Shanghai, 中國"""
"Leen's,""1F, 136A Jalan Burhanuddin Helmi, Taman Tun Dr Ismail, Kuala Lumpur, 60000, 馬來西亞"""
"Laksalicious,""117A Jalan Hutton, George Town, 10050, 馬來西亞"""
"Penang Road Famous Jin Kor Char Kuey Teow,""Joo Hooi Cafe, 475 Jalan Penang, George Town, 10000, 馬來西亞"""
"Siam Road Char Koay Teow,""82 Jalan Siam, George Town, 10400, 馬來西亞"""
"Lum Lai Duck Meat Koay Teow Th'ng,""Pasar Lebuh Cecil, 24 Lebuh Cecil, George Town, 10300, 馬來西亞"""
"Sister Yao’s Char Koay Kak,""96 Lorong Macalister, George Town, 11400, 馬來西亞"""
"Roti by d'Tandoor,""82 Jalan Damai, off Jalan Ampang, Kampung Datuk Keramat, Kuala Lumpur, 55000, 馬來西亞"""
"Hor Poh Cuisine,""36 Jalan 6/38D, Taman Sri Sinar, Segambut, Kuala Lumpur, 52100, 馬來西亞"""
"Coast by Kayra, ""Lot G03-G05, GF, The Starhill, 181 Jalan Bukit Bintang, Bukit Bintang, Kuala Lumpur, 55100, 馬來西亞"""
"Ivy's Nyonya Cuisine, ""100-104 Jalan Kedah, George Town, 10050, 馬來西亞"""
"BM Yam Rice,""7 Jalan Murthy, Bukit Mertajam, Seberang Perai, 14000, 馬來西亞"""
"Bridge Street Prawn Noodle,""533 Lebuh Pantai, George Town, 10300, 馬來西亞"""
"Duck Blood Curry Mee,""223B Jalan Burma, George Town, 10050, 馬來西亞"""
"Jalan Ipoh Claypot Chicken Rice,""Lot 1224, 7 Jalan Batu Ambar, Taman Kok Lian, Kuala Lumpur, 51200, 馬來西亞"""
"Ravi's Famous Apom Manis,""319 Jalan Burma, George Town, 10350, 馬來西亞"""
"Moh Teng Pheow Nyonya Koay,""Jalan Masjid, off Lebuh Chulia, George Town, 10200, 馬來西亞"""
"Hot Bowl White Curry Mee,""58C Jalan Rangoon, George Town, 10400, 馬來西亞"""
"Aliyaa,""48 Jalan Medan Setia 2, Bukit Damansara, Kuala Lumpur, 50490, 馬來西亞"""
"Rasa Rasa,""59 Gat Lebuh Chulia, George Town, 10300, 馬來西亞"""
"Wan Dao Tou Assam Laksa,""1 Jalan Gottlieb, George Town, 10350, 馬來西亞"""
"Sek Yuen,""313 Jalan Pudu, Pudu, Kuala Lumpur, 55100, 馬來西亞"""
"Restoran Pik Wah,""Basement Level, MABA House, 6 Jalan Hang Jebat, Kuala Lumpur City Centre, Kuala Lumpur, 50150, 馬來西亞"""
"Lai Foong Lala Noodles,""99 Jalan Sultan, Kuala Lumpur City Centre, Kuala Lumpur, 50000, 馬來西亞"""
"Serabai Istimewa,""18 Astaka Taman Tun Sardon, 25 Pintasan Pemancar 5, George Town, 11700, 馬來西亞"""
"BM Cathay Pancake,""8 Jalan Aston, Bukit Mertajam, Seberang Perai, 14000, 馬來西亞"""
"Super Star Koay Teow Soup,""78 Lebuh Kimberley, George Town, 10100, 馬來西亞"""
"Congkak (Bukit Bintang),""24 Jalan Beremi, Bukit Bintang, Kuala Lumpur, 50200, 馬來西亞"""
"De. Wan 1958 (Taman U Thant), ""Level 2-2, The LINC KL, 360 Jalan Tun Razak, Taman U Thant, Kuala Lumpur, 50400, 馬來西亞"""
"Sin Kiew Yee Shin Kee Beef Noodles,""7a, Jalan Tun Tan Cheng Lock, Kuala Lumpur City Centre, Kuala Lumpur, 50000, 馬來西亞"""
"Communal Table by Gēn,""68 Lebuh Presgrave, George Town, 10300, 馬來西亞"""
"Thara,""5 Lorong Prangin, George Town, 10100, 馬來西亞"""
"Green House Prawn Mee & Loh Mee (223 Jalan Burma),""223 Jalan Burma, George Town, 10050, 馬來西亞"""
"Sao Nam,""25 Tengkat Tong Shin, Bukit Bintang, Kuala Lumpur, 50200, 馬來西亞"""
"Winn's Cafe,""38 Jalan Cantonment, George Town, 10350, 馬來西亞"""
"Ah Boy Koay Teow Th'ng,""1 Lebuh Clarke, George Town, 10050, 馬來西亞"""
"Sardaarji,""6 Lebuh China, George Town, 10200, 馬來西亞"""
"Hing Kee Bakuteh (121 Jalan Kepong),""121 Jalan Kepong, Taman Usahawan, Kuala Lumpur, 52100, 馬來西亞"""
"Ming Qin Charcoal Duck Egg Char Koay Teow,""29 Jalan Betek, off Jalan Sungai Rambai, Bukit Mertajam, Seberang Perai, 14000, 馬來西亞"""
"Hai Kah Lang (Taman Cheras),""44 Jalan Kaskas 2, Taman Cheras, Kuala Lumpur, 56100, 馬來西亞"""
"Wong Mei Kee,""30 Jalan Nyonya, off Jalan Pudu, Pudu, Kuala Lumpur, 55100, 馬來西亞"""
"Bibik's Kitchen,""73 Jalan Sri Bahari, George Town, 10050, 馬來西亞"""
"Ghee Lian,""Lot No. 39, MBPP Kompleks Makanan Medan Renong Padang Kota Lama, 4 Jalan Tun Syed Sheh Barakhbah, George Town, 10200, 馬來西亞"""
"Neighbourwood,""3427 Jalan Kulim, Taman Bukit Mas, Bukit Mertajam, Seberang Perai, 14000, 馬來西亞"""
"Nam Heong Chicken Rice (City Centre),""56 Jalan Sultan, Kuala Lumpur City Centre, Kuala Lumpur, 50000, 馬來西亞"""
"Tho Yuen,""92 Lebuh Campbell, George Town, 10100, 馬來西亞"""
"Taman Bukit Curry Mee,""Jalan Bukit Kecil, Taman Bukit, Bukit Mertajam, Seberang Perai, 14000, 馬來西亞"""
"Penang Road Famous Laksa,""5 Lebuh Keng Kwee, George Town, 10100, 馬來西亞"""
"Heun Kee Claypot Chicken Rice (Pudu),""59 Jalan Yew, Pudu, Kuala Lumpur, 55100, 馬來西亞"""
"Anak Baba,""159 Jalan Sultan Abdul Samad, Brickfields, Kuala Lumpur, 50470, 馬來西亞"""
"My Own Café,""2 Lebuh Cannon, George Town, 10200, 馬來西亞"""
"Sri Nirwana Maju,""43 Jalan Telawi 3, Bangsar Baru, Kuala Lumpur, 59100, 馬來西亞"""
"Foong Lian,""55 Jalan Yew, Pudu, Kuala Lumpur, 55100, 馬來西亞"""
"Teksen,""18 & 20 Lebuh Carnarvon, George Town, 10100, 馬來西亞"""
"MTR 1924,""69 Jalan Thambipillay, Brickfields, Kuala Lumpur, 50470, 馬來西亞"""
"Ah Hei Bak Kut Teh,""33A Medan Imbi, Pudu, Kuala Lumpur, 55100, 馬來西亞"""
"nobie's,""2048 Colquitt St., Houston, 77098, 美國"""
"Nasi Ayam Hainan Chee Meng (Jalan Kelang Lama), ""Sub Lot-A1, Batu 4 1/4, Jalan Kelang Lama, Kuala Lumpur, 58200, 馬來西亞"""
"La Santa Barbacha,""2806 Manor Rd., Austin, 78722, 美國"""
"Tejas Chocolate,""200 N. Elm St., Tomball, 77375, 美國"""
"Kemuri Tatsu, ""2713 E. 2nd St., Austin, 78702, 美國"""
"Blood Bros BBQ,""5425 Bellaire Blvd., Bellaire, 77401, 美國"""
"Distant Relatives,""3901 Promontory Point Dr., Austin, 78744, 美國"""
"Burnt Bean Co.,""108 S. Austin St., Seguin, 78155, 美國"""
"Cattleack Barbeque,""13628 Gamma Rd., Dallas, 75244, 美國"""
"Barbs B Q,""102 E. Market St., Lockhart, 78644, 美國"""
"Goldee’s,""4645 Dick Price Rd., Fort Worth, 76140, 美國"""
"Lucia,""287 N. Bishop Ave., Dallas, 75208, 美國"""
"Franklin Barbecue,""900 E. 11th St., Austin, 78702, 美國"""
"Cuantos Tacos,""1108 E. 12th St., Austin, 78702, 美國"""
"Ramen del Barrio,""1700 W. Parmer Ln., Austin, 78727, 美國"""
"Rosie Cannonball,""1620 Westheimer Rd., Houston, 77006, 美國"""
"Killen's BBQ,""3613 Broadway St., Pearland, 77581, 美國"""
"Gemma,""2323 N. Henderson Ave., Ste. 109, Dallas, 75206, 美國"""
"The Pit Room,""1201 Richmond Ave., Houston, 77006, 美國"""
"KG BBQ,""3108 Manor Rd., Austin, 78723, 美國"""
"Ngon Vietnamese Kitchen,""1907 Greenville Ave., Dallas, 75206, 美國"""
"Ema,""5307 N. Main St., Houston, 77009, 美國"""
"nonna,""4115 Lomo Alto Dr., Dallas, 75219, 美國"""
"Cullum's Attaboy,""111 Kings Ct., San Antonio, 78212, 美國"""
"Rosemeyer Bar, ""2111 Riley Fuzzell Rd., Spring, 77386, 美國"""
"Emmer & Rye,""51 Rainey St., Austin, 78701, 美國"""
"Nancy's Hustle,""2704 Polk St., Houston, 77003, 美國"""
"Truth BBQ,""110 S. Heights Blvd., Houston, 77007, 美國"""
"Killen's,""101 Heights Blvd., Houston, 77007, 美國"""
"Street to Kitchen,""3401 Harrisburg Blvd., Houston, 77003, 美國"""
"Nam Giao,""6938 Wilcrest Dr., Houston, 77072, 美國"""
"Mala Sichuan Bistro,""9348 Bellaire Blvd., Houston, 77036, 美國"""
"Dai Due,""2406 Manor Rd., Austin, 78722, 美國"""
"Theodore Rex,""1302 Nance St., Unit A, Houston, 77002, 美國"""
"Belly of the Beast,""5200 FM 2920 Rd., Ste. 180, Spring, 77388, 美國"""
"The Jerk Shack,""10234 Texas 151, Ste. 103, San Antonio, 78251, 美國"""
"Briscuits,""4204 Menchaca Rd., Austin, 78704, 美國"""
"Odd Duck,""1201 S. Lamar Blvd., Austin, 78704, 美國"""
"Ladino,""200 E. Grayson St. #100, San Antonio, 78215, 美國"""
"Veracruz Fonda & Bar,""1905 Aldrich St., Austin, 78723, 美國"""
"Micklethwait Craft Meats,""1309 Rosewood Ave., Austin, 78702, 美國"""
"Nixta Taqueria,""2512 E. 12th St., Austin, 78702, 美國"""
"Một Hai Ba,""6407 Lewis St., Dallas, 75206, 美國"""
"Southerleigh Fine Food & Brewery,""136 E. Grayson St., Ste. 120, San Antonio, 78215, 美國"""
"Pinkerton's BBQ,""1504 Airline Dr., Houston, 77009, 美國"""
"Il Tirabusciò,""via Rosa Scoti 12, Bibbiena, 52011, 義大利"""
"Altavilla,""via Monti 46, Bianzone, 23030, 義大利"""
"Osteria dell'Accademia,""Via Roma 16, Montegridolfo, 47837, 義大利"""
"Ostaria Pignatelli,""Riviera di Chiaia 216, Napoli, 80121, 義大利"""
"Fratelli Bruzzone,""via Maria Vittoria 34/a, Torino, 10123, 義大利"""
"Dalla Rosa Alda,""strada Garibaldi 4, San Giorgio di Valpolicella, 37015, 義大利"""
"La Villa,""Contrada Cavallerizza, SS 303 verso Rocchetta Sant'Antonio, Melfi, 85025, 義大利"""
"Clemente,""piazza Santa Monica, Sulmona, 67039, 義大利"""
"Antica Trattoria Gianna,""via Maggiore 12, Recorfano, 26030, 義大利"""
"Hostaria Viola,""via Verdi 32, Castiglione delle Stiviere, 46043, 義大利"""
"Fracia,""località Fracia, Teglio, 23036, 義大利"""
"Oberraindlhof,""Raindl 49, Madonna di Senales, 39020, 義大利"""
"Nida,""via Nicola Barbantini 338, Lucca, 55100, 義大利"""
"Trattoria Antichi Sapori,""via Montanara 318, Gaione, 43124, 義大利"""
"Vez,""via Addolorata 7/9, San Marzano di San Giuseppe, 74020, 義大利"""
"Cile's,""viale Cesare Battisti 35, Fano, 61032, 義大利"""
"Old Friend,""via Giuseppe Cesare Abba 51, Cagliari, 09126, 義大利"""
"Palmerino, ""via Piave 13, Sandrigo, 36066, 義大利"""
"Trattoria da Marino,""via Provinciale Lucchese 102, loc. Ponte di Serravalle, Serravalle Pistoiese, 51030, 義大利"""
"Camiano Piccolo,""via Camiano Piccolo 5, Montefalco, 06036, 義大利"""
"Scannabue Caffè Restaurant,""largo Saluzzo 25/h, Torino, 10125, 義大利"""
"Osteria Le Panzanelle,""località Lucarelli 29, Lucarelli, 53017, 義大利"""
"La Tradizione, ""via Imbriani 11/13, Minervino Murge, 76013, 義大利"""
"Antica Trattoria da Miculan,""piazza Libertà 16, Tricesimo, 33019, 義大利"""
"Foresta,""strada de la Comunità de Fiem 42, Moena, 38035, 義大利"""
"Raieü,""via Milite Ignoto 23, Cavi di Lavagna, 16033, 義大利"""
"Del Belbo, ""valle Asinari 25, San Marzano Oliveto, 14050, 義大利"""
"Casa del Vino della Vallagarina,""piazza San Vincenzo 1, Isera, 38060, 義大利"""
"Osteria de Börg,""via Forzieri 12, Rimini, 47921, 義大利"""
"Antica Trattoria la Grotta dal 1918,""via Tignano 3, Loc. Mongardino Grotta, Sasso Marconi, 40037, 義大利"""
"Trattoria Losanna,""via San Rocco 40, Masio, 15024, 義大利"""
"Osteria Zanchetti,""via Cesare Battisti 1, Fossombrone, 61034, 義大利"""
"Osteria Didù,""via Felice Cascione 70, Imperia, 18100, 義大利"""
"Osteria Numero 2,""via Ghisiolo 2/a, Stradella, 46051, 義大利"""
"Osteria La Solita Zuppa,""via Porsenna 21, Chiusi, 53043, 義大利"""
"Angiolina,""via Passariello 2, località Marina di Pisciotta, Pisciotta, 84066, 義大利"""
"Italia,""piazza della Libertà 27, Quarona, 13017, 義大利"""
"Dell'Alba,""via del Popolo 31, Piadena, 26034, 義大利"""
"Osteria Veglio,""frazione Annunziata 9, La Morra, 12064, 義大利"""
"Trattoria Ai Due Platani,""via Budellungo 104/a, Coloreto, 43123, 義大利"""
"Osteria dal Moro,""lungomare Spalato 74, Giulianova Lido, 64021, 義大利"""
"Antica Trattoria Cattivelli,""via Chiesa di Isola Serafini 2, Monticelli d'Ongina, 29010, 義大利"""
"Burro & Alici,""lungomare Colombo 98, Marotta, 61032, 義大利"""
"Buatta Cucina Popolana,""via Vittorio Emanuele 176, Palermo, 90133, 義大利"""
"Osteria Madonnetta,""via Vajenti 21, Marostica, 36063, 義大利"""
"Contesto Alimentare,""via Accademia Albertina 21/e, Torino, 10123, 義大利"""
"Andrea, ""via Gabriele Judica 4, Palazzolo Acreide, 96010, 義大利"""
"Luna Rossa,""via Marconi 18, Terranova di Pollino, 85030, 義大利"""
"Roma,""via Roma 15, Montoggio, 16026, 義大利"""
"Il Ciabot,""via Costa 7, Roletto, 10060, 義大利"""
"Taverna dei Caldora,""piazza Umberto I 13, Pacentro, 67030, 義大利"""
"Al Palazzon,""via Ca' Onorai 2, loc. Mottinello Nuovo, Galliera Veneta, 35015, 義大利"""
"L'Oste Dispensa,""strada provinciale Giannella 113, Orbetello, 58015, 義大利"""
"Al Piave, ""via Cormons 6 - Fraz. Corona, Mariano del Friuli, 34071, 義大利"""
"13 Comuni,""piazza della Vittoria 31, Velo Veronese, 37030, 義大利"""
"Taverna del Grappolo Blu,""scale di via Moglio 1, Montalcino, 53024, 義大利"""
"Stella,""via dei Narcisi 47/a, Casaglia, 06126, 義大利"""
"Trattoria Lanzagallo,""via Ravenna 1048, Gaibana, 44124, 義大利"""
"Osteria Borsò Gambrinus,""via Capitello 18, San Polo di Piave, 31020, 義大利"""
"U.P.E.P.I.D.D.E.,""vico Sant'Agnese 2, angolo corso Cavour, Ruvo di Puglia, 70037, 義大利"""
"La Pineta,""piazzale Sant'Anna 6, Sant'Anna, 12020, 義大利"""
"Serendib,""via Pontida 2, Milano, 20121, 義大利"""
"Dalla Libera,""via Farra 52, Sernaglia della Battaglia, 31020, 義大利"""
"Osteria la Fefa, ""via Trento-Trieste 9/c, Finale Emilia, 41034, 義大利"""
"Podere San Faustino,""via San Faustino 33 (SS Emilia Nord), Fidenza, 43036, 義大利"""
"Antica Trattoria La Toppa,""via del Giglio 43, San Donato in Poggio, 50028, 義大利"""
"Apollonia,""via Sant'Apollonia 3, località Sirmiano Sopra, Nalles, 39010, 義大利"""
"Rosselli 77,""via F.lli Rosselli 77, Cuorgnè, 10082, 義大利"""
"Krone,""piazza Principale 4, Aldino, 39040, 義大利"""
"QuarantunoDodici,""via Monte Cadria 127, Fiumicino, 00054, 義大利"""
"Boivin,""via Garibaldi 9, Levico Terme, 38056, 義大利"""
"Buscone,""Località Bosmenso Superiore 41, Varzi, 27057, 義大利"""
"L'Acino,""via San Domenico 2/a, Torino, 10121, 義大利"""
"Veneziano,""Contrada Arena, SS 120 km 187, Randazzo, 95036, 義大利"""
"Antica Locanda al Cervo, ""via Schrann 9/c, San Genesio Atesino, 39050, 義大利"""
"Tre Noghere,""via Crede 1, Bigolino, 31049, 義大利"""
"Il Sogno,""via Vetrego 8, Vetrego, 30035, 義大利"""
"Terme,""via Madonna Assunta, Pigna, 18037, 義大利"""
"Domenico dal 1968,""via Satrico 23, Roma, 00183, 義大利"""
"Da Giannino, ""via Rosolino Pilo 20, Milano, 20129, 義大利"""
"La Campanara,""via Borgo Pianetto 24/a, Galeata, 47010, 義大利"""
"Trattoria da Paeto,""via Patriarcato 78, Pianiga, 30030, 義大利"""
"Al Bersagliere,""via Dietro Pallone 1, Verona, 37121, 義大利"""
"La Brinca,""via Campo di Ne 58, Ne, 16040, 義大利"""
"Sa Mandra,""SP 44, km 1, Alghero, 07041, 義大利"""
"Borgo Spoltino,""strada Selva Alta, Mosciano Sant'Angelo, 64023, 義大利"""
"Zeb,""via San Miniato 2r, Firenze, 50125, 義大利"""
"Da Burde,""via Pistoiese 154, Firenze, 50145, 義大利"""
"Da Marchesi,""Località Ca' Gianessi 7, Novafeltria, 47863, 義大利"""
"Trattoria alla Ruota,""via Proale 6, località Mazzano, Negrar, 37024, 義大利"""
"Le Antiche Sere,""via P. Micca 22, Lesina, 71010, 義大利"""
"Vecchio Porto,""lungomare Cenide 55, Villa San Giovanni, 89018, 義大利"""
"Osteria Piazzetta Cattedrale,""largo Arcidiacono Trinchera 7, Ostuni, 72017, 義大利"""
"La Cuccagna, ""corso Umberto I 168, Crispiano, 74012, 義大利"""
"Locanda del Capitano & Tipico Osteria,""via Roma 7, Montone, 06014, 義大利"""
"Antica Osteria,""via Venezia 11, Ossana, 38026, 義大利"""
"Osteria della Villetta,""via Marconi 104, Palazzolo sull'Oglio, 25036, 義大利"""
"Green T.,""via del Piè di Marmo 28, Roma, 00186, 義大利"""
"Locanda Cacciatori,""località Mistadello di Castione, Ponte dell'Olio, 29028, 義大利"""
"""Da Flavio e Fabrizio """"Al Teatro"""""",""via della Vittoria 75, Mirano, 30035, 義大利"""
"Le Miniere,""piazza Martiri 1944 4, Traversella, 10080, 義大利"""
"La Chioccia d'Oro,""via Novi 2, loc. Pietra dei Correnti, bivio Novi Velia, Vallo della Lucania, 84078, 義大利"""
"Lo Stuzzichino,""via Deserto 1/a, Sant'Agata sui Due Golfi, 80061, 義大利"""
"Trattoria Cibrèo, ""via dei Macci 122 r, Firenze, 50122, 義大利"""
"Taverna 58,""corso Manthoné 46, Pescara, 65127, 義大利"""
"Villa Aurora,""via Ciucani 1/7, Soiano del Lago, 25080, 義大利"""
"La Fratanza,""via Garibaldi 37, Nocera Superiore, 84015, 義大利"""
"La Cucoma,""via Molinaccio 175, San Pancrazio, 48020, 義大利"""
"Cantina dei Cacciatori,""località Villa Superiore 59, Monteu Roero, 12040, 義大利"""
"Bruxaboschi,""via Francesco Mignone 8, San Desiderio, 16133, 義大利"""
"Il Conte Matto,""via Taverne 40, Trequanda, 53020, 義大利"""
"Romani,""via dei Ronchi 2, Vicomero di Torrile, 43056, 義大利"""
"Trattoria da Fagiolino,""via Carega 1, Cutigliano, 51024, 義大利"""
"L'800,""via Centese 33, Argelato, 40050, 義大利"""
"Nana Piccolo Bistrò,""via Giosuè Carducci 19, Senigallia, 60019, 義大利"""
"Al Convento, ""piazza San Francesco 16, Cetara, 84010, 義大利"""
"Trippa,""via Giorgio Vasari 1, Milano, 20135, 義大利"""
"Dongiò,""via Corio 3, Milano, 20135, 義大利"""
"Hosteria Grappolo d'Oro,""piazza della Cancelleria 80, Roma, 00186, 義大利"""
"La Torre,""piazza Annunziata 7, Santa Maria Annunziata, 80061, 義大利"""
"Locanda da Condo,""via Fontana 134, Col San Martino, 31010, 義大利"""
"Alla Pace,""via Sauris di Sotto 38, Sauris, 33020, 義大利"""
"Il Latini,""via dei Palchetti 6 r, Firenze, 50123, 義大利"""
"Coxinendi,""via Sant'Antioco 1, Sanluri, 09025, 義大利"""
"Lokanda Devetak,""via Brezici 22, Savogna d'Isonzo, 34070, 義大利"""
"Forma,""via Trieste 9, Civitavecchia, 00053, 義大利"""
"Agritur El Mas,""strada de Saslonch 176, località Col de Soldai, Moena, 38035, 義大利"""
"Antiche Sere,""via Cenischia 9, Torino, 10139, 義大利"""
"Maso Palù,""via Graziani 56, Brentonico, 38060, 義大利"""
"Edelweiss,""Località Crodo, Viceno, 28862, 義大利"""
"Il Sottomarino,""via Fratti 1, Follonica, 58022, 義大利"""
"Antica Locanda di Sesto,""via Ludovica 1660, loc. Sesto di Moriano, Ponte a Moriano, 55100, 義大利"""
"Caffè Grande,""piazza Paolo 9, Rivergaro, 29029, 義大利"""
"La Baita,""via Naviglio 25/c, Faenza, 48018, 義大利"""
"Dei Cantoni,""via Santa Maria 19, Longiano, 47020, 義大利"""
"Osteria Storica Morelli,""piazza Petrini 1, località Canezza di Pergine, Pergine Valsugana, 38057, 義大利"""
"Vecchia Lama,""via XXIV Maggio 24, Lama Mocogno, 41023, 義大利"""
"Locanda del Colonnello,""via Blandini 9, Modica, 97015, 義大利"""
"La Bucaccia,""via Ghibellina 17, Cortona, 52044, 義大利"""
"Osteria dei Segreti,""via Verdefiore 25, Appignano, 62010, 義大利"""
"Dalie e Fagioli,""via Campagnola 45, Manerba del Garda, 25080, 義大利"""
"Lerchner's In Runggen,""frazione Ronchi 3/a, San Lorenzo di Sebato, 39030, 義大利"""
"La Dispensa di Armatore,""via Cantone 1, Cetara, 84010, 義大利"""
"Impero,""via Roma 13, Sizzano, 28070, 義大利"""
"Osteria del Gallo e della Volpe,""piazza Umberto I 14, Ospedaletto d'Alpinolo, 83014, 義大利"""
"Da Giocondo,""via Suffragio 2, Rivisondoli, 67036, 義大利"""
"Nuova Roma,""via Olivetta 87, Sasso Marconi, 40037, 義大利"""
"Osteria Platzegg,""piazza Municipio 1, San Michele, 39057, 義大利"""
"Salotto sul Mare,""via dei Mille 2/b, Terrasini, 90049, 義大利"""
"La Locanda del Falco,""piazza Regina Elena 22, Valdieri, 12010, 義大利"""
"Il Casolare dei Segreti,""Contrada San Lorenzo 28, Treia, 62010, 義大利"""
"Ronchi Rò,""località Cime di Dolegna 12, Dolegna del Collio, 34070, 義大利"""
"Trattoria della Fortuna,""Via Salaria 57, Monterotondo, 00015, 義大利"""
"Moi,""via Antonio Serra 15, Roma, 00191, 義大利"""
"Rimulas,""via Severino Grattoni 8, Voghera, 27058, 義大利"""
"Da Sapì,""via Giuseppe Mazzini 36, Esine, 25040, 義大利"""
"Ca' d'Frara,""via del Gambero 4, Ferrara, 44121, 義大利"""
"I Tri Siochètt,""strada Farnese 74, Parma, 43125, 義大利"""
"Mezzolitro Vini e Cucina,""via Pomè 10, Rho, 20017, 義大利"""
"L'Osteria della Trippa,""via Goffredo Mameli 15, Roma, 00153, 義大利"""
"ChiaroScuro,""corso Vittorio Emanuele II 380, Cagliari, 09123, 義大利"""
"La Locanda Gesù Vecchio,""via Giovanni Paladino 26, Napoli, 80121, 義大利"""
"Locanda delle Grazie,""via San Pio X 2, Grazie, 46010, 義大利"""
"L'Ortone,""piazza Lorenzo Ghiberti 87 r, Firenze, 50122, 義大利"""
"Vecchia Marina,""lungomare Trento 37, Roseto degli Abruzzi, 64026, 義大利"""
"Su Gologone,""Località Su Gologone, Oliena, 08025, 義大利"""
"Nerina,""via De Gasperi 31, località Malgolo, Romeno, 38010, 義大利"""
"Magazzino 52,""via Giolitti 52/a, Torino, 10123, 義大利"""
"Consorzio,""via Monte di Pietà 23, Torino, 10122, 義大利"""
"Bros' Trattoria, ""SP Scorrano-Supersano km 2, Scorrano, 73020, 義大利"""
"Oishi,""via Mario Capuani 47, Teramo, 64100, 義大利"""
"Estrò,""piazza della Rinascita 23, Pescara, 65122, 義大利"""
"Podere 39,""via Senese 39 r, Firenze, 50125, 義大利"""
"Da Gregorio,""strada provinciale 101 136, Morrano Nuovo, 05018, 義大利"""
"Ostaria Tyrol,""piaz de Ramon 8, Moena, 38035, 義大利"""
"Gerani,""via Stabia 609, Sant'Antonio Abate, 80057, 義大利"""
"Locanda Pincelli,""via Selva 52, Selva Malvezzi, 40062, 義大利"""
"Al Monastero,""via Ristori 9, Cividale del Friuli, 33043, 義大利"""
"Trattoria al Parco,""via Stretta 7, Buttrio, 33042, 義大利"""
"Coquus,""via Luigi Blanch 19, Lucera, 71036, 義大利"""
"Cibus,""via Chianche di Scarano 7, Ceglie Messapica, 72013, 義大利"""
"Rosmarino,""salita del Fondaco 30, Genova, 16123, 義大利"""
"Osteria Mondo d'Oro,""via Mondo d'Oro 4, Verona, 37121, 義大利"""
"Trattoria da Zamboni,""via Santa Croce 73, Lapio, 36057, 義大利"""
"Antica Filanda,""SS 157, contrada Raviola, Capri Leone, 98070, 義大利"""
"Il Ritrovo d'Abruzzo,""Contrada Bosco 16, Civitella Casanova, 65010, 義大利"""
"Antica Fattoria del Grottaione,""via della Piazza, località Montenero d'Orcia, Castel del Piano, 58033, 義大利"""
"Al Cambio,""via Stalingrado 150, Bologna, 40128, 義大利"""
"La Pignata,""viale Dei Tigli 7, Ariano Irpino, 83031, 義大利"""
"Me Cumpari Turiddu,""piazza Turi Ferro 36, Catania, 95124, 義大利"""
"Il Turacciolo,""piazza Vittorio Emanuele II 4, Andria, 76123, 義大利"""
"Da Felice,""corso Valparaiso 136, Chiavari, 16043, 義大利"""
"Trattoria di Via Serra,""via Luigi Serra 9/b, Bologna, 40129, 義大利"""
"Vögele,""via Goethe 3, Bolzano, 39100, 義大利"""
"Trattoria da Probo,""via Provinciale Nord 13, Bagnolo in Piano, 42011, 義大利"""
"L'Acquario,""via Vittorio Emanuele 69, Castiglione del Lago, 06061, 義大利"""
"CUCINA.eat,""piazza Galileo Galilei 1, Cagliari, 09128, 義大利"""
"Alla Pasina,""via Marie 3, Dosson, 31030, 義大利"""
"L'Ostreria Fratelli Pavesi,""Località Gariga 8, Podenzano, 29027, 義大利"""
"Nole,""viale Regina Margherita 84, Pescara, 65123, 義大利"""
"Al Borgo,""via Anconetta 8, Belluno, 32100, 義大利"""
"Osteria dei Maltagliati,""corso Umberto I 36, Torano Nuovo, 64010, 義大利"""
"Osteria Ophis,""corso Serpente Aureo 54/b, Offida, 63073, 義大利"""
"Gassenwirt,""via Paese 42, Chienes, 39030, 義大利"""
"La Gioconda,""via Brancuti, Cagli, 61043, 義大利"""
"Osteria La Torre,""via dell'Ospedale 22, Cherasco, 12062, 義大利"""
"Perbacco, ""via Umberto I 14, Cannara, 06033, 義大利"""
"Kanton Restaurant,""via Antonio Gramsci 17, Capriate San Gervasio, 24042, 義大利"""
"Trattoria Porteri,""via Trento 52/d, Brescia, 25128, 義大利"""
"Al Becco della Civetta,""vico I Maglietta 7, Castelmezzano, 85010, 義大利"""
"Da Fausto,""Località Valle Prati 1, Cavatore, 15010, 義大利"""
"Osteria San Giulio,""Via Dulzago, Badia di Dulzago, 28043, 義大利"""
"Borgo Poscolle,""via Poscolle 21/a, Cavazzo Carnico, 33020, 義大利"""
"Il Moro,""piazza Garibaldi 7, Capriata d'Orba, 15060, 義大利"""
"Sot'Ajarchi,""via Marconi 93, Ancona, 60125, 義大利"""
"Castagneto,""via Vignola 14, Montrigiasco, 28041, 義大利"""
"Caffè La Crepa,""piazza Matteotti 14, Isola Dovarese, 26031, 義大利"""
"Accademia Ristorante,""via Mameli 29, Casale Monferrato, 15033, 義大利"""
"Osteria Bartolini,""via A. Boito 26, Milano Marittima, 48015, 義大利"""
"Trattoria Pennestri,""via Giovanni Da Empoli 5, Roma, 00154, 義大利"""
"Osteria Bartolini,""corso Garibaldi 41, Cesenatico, 47042, 義大利"""
"Vascello d'Oro,""via San Giuseppe 9, Carrù, 12061, 義大利"""
"Gabbiano 1983,""piazza Vittorio Veneto 10, Corte de' Cortesi, 26020, 義大利"""
"Ahimè,""via San Gervasio 6/e, Bologna, 40121, 義大利"""
"Romanè,""via Cipro 106, Roma, 00136, 義大利"""
"Dentella,""via Dentella 25, Bracca, 24010, 義大利"""
"Osteria Bartolini,""piazza Malpighi 16, Bologna, 40123, 義大利"""
"Futura Osteria,""largo Garfonda 10, località Abbadia Isola, Monteriggioni, 53035, 義大利"""
"Osteria del Miglio 2.10,""via Patrioti 2, Pieve San Giacomo, 26035, 義大利"""
"Antichi Sapori,""piazza Sant'Isidoro 10, Montegrosso, 76123, 義大利"""
"Da Alighiero,""via Garibaldi 8, Anghiari, 52031, 義大利"""
"Locanda del Barone,""Località San Vittorino, Caramanico Terme, 65023, 義大利"""
"Osteria Expanificio,""piazza Sinatra 16, Agrigento, 92100, 義大利"""
"Laghetto,""rue Trois Villages 291, Brusson, 11022, 義大利"""
"Magnagallo,""via Magnagallo Est 7, Campogalliano, 41011, 義大利"""
"Namo Ristobottega,""via Giovan Battista Marzi 1, Tarquinia, 01016, 義大利"""
"Aciniello,""via Torino 4, Campobasso, 86100, 義大利"""
"Ai Burattini,""via Madaschi 45, Adrara San Martino, 24060, 義大利"""
"Osteria Magona,""Località Vallone dei Messi 199, SP 16/b km 2,400, Bolgheri, 57020, 義大利"""
"Locanda Mariella,""località Fragnolo 29, Calestano, 43030, 義大利"""
"Palazzaccio,""via Umberto I 23, Castelbuono, 90013, 義大利"""
"Boccondivino,""via Mendicità Istruita 14, Bra, 12042, 義大利"""
"Da Pode,""località Sovestro 63, San Gimignano, 53037, 義大利"""
"Battaglino,""piazza Roma 18, Bra, 12042, 義大利"""
"Osteria La Pimpinella,""Via San Rocco 70, Bra, 12042, 義大利"""
"Mingone,""via Pietro Nenni 96, Carnello, 03033, 義大利"""
"53 Untitled,""via del Monte della Farina 53, Roma, 00186, 義大利"""
"Mika,""Building 7, Yas Marina, Yas Island, 阿布達比"""
"Violetta,""via Valle San Giovanni 1, Calamandrana, 14042, 義大利"""
"Il Fiorile,""via XXV Aprile 6, frazione Castel Ratti, Borghetto di Borbera, 15060, 義大利"""
"Il Cedro,""via di Camaldoli 20, Moggiona, 52014, 義大利"""
"Almayass,""Galleria Mall Level 1, Al Maryah Island, 阿布達比"""
"Al Mrzab,""Airport Road, 阿布達比"""
"ťazal,""Al Qana Marina South, Al Maqta' Street, 阿布達比"""
"Otoro,""Al Qana Marina South, Al Maqta' Street, 阿布達比"""
"Beirut Sur Mer,""Lilac 5, Jacques Chirac Street, Saadiyat Cultural District, Soul Beach, Al Saadiyat Island, 阿布達比"""
"Superica,""99 Krog St. NE, Atlanta, 30307, 美國"""
"Masterpiece, ""3940 Buford Hwy., B-103, Duluth, 30096, 美國"""
"ryba,""31 Al Marabi‘ Street, Zayed Port, Al Mina, 阿布達比"""
"Table & Main,""1028 Canton St., Roswell, 30075, 美國"""
"Heirloom Market BBQ,""2243 Akers Mill Rd. SE, Atlanta, 30339, 美國"""
"Estrellita,""580 Woodward Ave. SE, Atlanta, 30312, 美國"""
"Arepa Mia,""10 N. Clarendon Ave. SE, Ste. A, Avondale Estates, 30002, 美國"""
"Bomb Biscuit Co.,""668 Highland Ave. NE, Atlanta, 30312, 美國"""
"The Busy Bee,""810 Martin Luther King Jr. Dr. SW, Atlanta, 30314, 美國"""
"Whoopsie's,""1 Moreland Ave. SE, Atlanta, 30316, 美國"""
"Antico Pizza Napoletana,""1093 Hemphill Ave. NW, Atlanta, 30318, 美國"""
"Fred's Meat & Bread,""99 Krog St. NE, Atlanta, 30307, 美國"""
"Banshee,""1271 Glenwood Ave. SE, Atlanta, 30316, 美國"""
"Fishmonger,""674 N. Highland Ave. NE, Atlanta, 30306, 美國"""
"Little Bear, ""71-A Georgia Ave. SE, Atlanta, 30312, 美國"""
"Agorà,""Via Muro degli Ottevi 10, Brissago, 6614, 瑞士"""
"Gül,""Tellstrasse 22, Zürich, 8004, 瑞士"""
"Snatch,""Elizabetes iela 39, Riga, 1010, 拉脫維亞"""
"Shōyu,""Ausekļa iela 20, Riga, 1010, 拉脫維亞"""
"Multertor,""Am Multertor, Sankt Gallen, 9000, 瑞士"""
"Milda,""Kungu Iela 8, Riga, 1050, 拉脫維亞"""
"STÜVA in der Krone, ""Via Cumünela 2, La Punt-Chamues-ch, 7522, 瑞士"""
"Postigliun,""Via Principala 41, Andiast, 7159, 瑞士"""
"Natürlich,""Rue de la Coulouvrenière 38, Genève, 1204, 瑞士"""
"Wiesner Mysterion, ""Bramboden 6, Romoos, 6167, 瑞士"""
"Alpenblick, ""Dorfstr. 9, Adelboden, 3715, 瑞士"""
"DAR,""Gasometerstrasse 5, Zürich, 8005, 瑞士"""
"Grotto della Salute,""Via dei Sindacatori 2A, Massagno, 6900, 瑞士"""
"Asia,""Via Moscia 4, Ascona, 6612, 瑞士"""
"Lokal, ""Albrecht-Haller-Strasse 2, Biel, 2502, 瑞士"""
"Njørd café,""Place du Marché 15, Aubonne, 1170, 瑞士"""
"Bazaar,""Riedweg 156, Zermatt, 3920, 瑞士"""
"AuGust,""Rennweg 7, Zürich, 8001, 瑞士"""
"Fischerstube,""Marktgasse 9, Weesen, 8872, 瑞士"""
"Alpenblick, ""Oberdorfstrasse 3, Wilderswil, 3812, 瑞士"""
"Le Lab by Adel & Niko,""Route de la Crottaz 5, Corseaux, 1802, 瑞士"""
"Zum Wilde Maa,""Oetlingerstrasse 165, Basel, 4057, 瑞士"""
"Ivy 23,""Rue Ancienne 23, Carouge, 1227, 瑞士"""
"Birdy's by Achtien,""Axenstrasse 9, Brunnen, 6440, 瑞士"""
"L'Agape,""Rue Caroline 11, Genève, 1227, 瑞士"""
"Stadthaus,""Kirchbühl 2, Burgdorf, 3400, 瑞士"""
"Bären,""Hauptstrasse 18, Utzenstorf, 3427, 瑞士"""
"SALZANO,""Seestrasse 108, Interlaken, 3800, 瑞士"""
"Bistrot du Lion d'Or,""Rue Ancienne 53, Carouge, 1227, 瑞士"""
"Ô Bois Sauvage,""Chemin des Mélèzes 26, Hérémence, 1987, 瑞士"""
"Blume,""Freudwilerstrasse 6, Uster, 8615, 瑞士"""
"16 ART, ""Mittelgässli 16, Saanen, 3792, 瑞士"""
"Restaurant du Quai,""Le Quai 10, Hermance, 1248, 瑞士"""
"Bistrot Dumas,""Avenue Dumas 7, Genève, 1206, 瑞士"""
"PINOT,""Steigstrasse 12, Fläsch, 7306, 瑞士"""
"Château de Pleujouse,""Le Château 18, Pleujouse, 2953, 瑞士"""
"Rathauskeller Bistro, ""Ober-Altstadt 1, Zug, 6300, 瑞士"""
"La Fleur de Sel,""Rue du Temple 10, Cossonay, 1304, 瑞士"""
"Casa Casutt, ""Glennerstrasse 18, Ilanz, 7130, 瑞士"""
"Restaurant Schlüssel, ""Oberdorfstrasse 5, Mels, 8887, 瑞士"""
"Auberge de la Croix d'Or, ""Grande-Rue 18, Yens, 1169, 瑞士"""
"Zum Alten Stephan,""Friedhofplatz 10, Solothurn, 4500, 瑞士"""
"Moosegg,""Moosegg 231A, Emmenmatt, 3543, 瑞士"""
"Sonne,""Dorf 2, Ebersecken, 6245, 瑞士"""
"Braui,""Brauiplatz 5, Hochdorf, 6280, 瑞士"""
"Centrale,""via Locarno 2, Losone, 6616, 瑞士"""
"Wirtshus zum Wyberg, ""Oberteufenerstrasse 1, Freienstein-Teufen, 8428, 瑞士"""
"Edo, ""Route Sierre-Montana 43, Crans-Montana, 3975, 瑞士"""
"Kaiserstock,""Dörfli 2, Riemenstalden, 6452, 瑞士"""
"Panorama, ""Hartlisbergstrasse 39, Steffisburg, 3612, 瑞士"""
"Bistro by Regina Montium,""Staffelhöhenweg 35, Rigi Kaltbad, 6356, 瑞士"""
"Adler, ""Kappelmatt 1, Ried-Muotathal, 6436, 瑞士"""
"Chappeli,""Allerheiligenstrasse 218, Grenchen, 2540, 瑞士"""
"Chez Philippe,""Rue du Rhône 8, Genève, 1204, 瑞士"""
"Gasthaus Schupfen,""Steinerstrasse 501, Diessenhofen, 8253, 瑞士"""
"Bacchus Bistro & Genussmanufaktur,""Sempacherstrasse 1, Hildisrieden, 6024, 瑞士"""
"Landgasthof Ochsen,""Dorfplatz 56, Wölflinswil, 5063, 瑞士"""
"MIRADI,""Untergstaadstrasse 26, Gstaad, 3780, 瑞士"""
"Bären,""Dorfplatz 4, Schwarzenburg, 3150, 瑞士"""
"Hardern Pintli,""Hardern 23, Lyss, 3250, 瑞士"""
"Auberge Communale, ""78 rte des Deux-Villages, Saint-Légier, 1806, 瑞士"""
"Schüpbärg, ""Schüpberg 134, Schüpfen, 3053, 瑞士"""
"Colani Bistrot,""Via Principela 20A, Madulain, 7523, 瑞士"""
"Là, ""Rue du Village 21, Chardonne, 1803, 瑞士"""
"SUAHOY, ""Rue Prévost-Martin 25, Genève, 1205, 瑞士"""
"Le Café Valrose,""Place de la Gare 2, Rougemont, 1659, 瑞士"""
"Barranco,""Sihlfeldstrasse 141, Zürich, 8004, 瑞士"""
"Grotto Valmaggese,""Via Vallemaggia 72, Avegno, 6670, 瑞士"""
"Gaijin Izakaya,""Birmensdorferstrasse 5, Zürich, 8004, 瑞士"""
"Myò Sushi Bar, ""Allée Ernest–Ansermet 1, Lausanne, 1003, 瑞士"""
"Le Restaurant,""Hauptgasse 64, Solothurn, 4500, 瑞士"""
"au violon,""Im Lohnhof 4, Basel, 4051, 瑞士"""
"Le Bistro by Décotterd,""Route de Glion 111, Montreux, 1823, 瑞士"""
"Albrun,""Binntalstrasse 24, Binn, 3996, 瑞士"""
"Flamel,""Piazza Cioccaro 5, Lugano, 6900, 瑞士"""
"Nest, ""Talstrasse 16, Blatten im Lötschental, 3919, 瑞士"""
"Brasserie Le Gogant,""Route de France 8, Le Brassus, 1348, 瑞士"""
"La Bottega di Mario,""Nüschelerstrasse 6, Zürich, 8001, 瑞士"""
"Philipp Blaser,""Obere Bahnhofstrasse 10, Frutigen, 3714, 瑞士"""
"Muntanella,""Innere Poststrasse 269, Arosa, 7050, 瑞士"""
"Auberge Communale Le Mont, ""Place du Petit Mont 4, Le Mont-sur-Lausanne, 1052, 瑞士"""
"La Trattoria,""Via Maistra 215, Pontresina, 7504, 瑞士"""
"Alpenblick,""Melchtalerstrasse 40, Sankt Niklausen, 6066, 瑞士"""
"Anker,""Dorf 10, Teufen, 9053, 瑞士"""
"Stiva Grischuna,""Via Cavardiras 3, Disentis, 7180, 瑞士"""
"Bauernschänke,""Rindermarkt 24, Zürich, 8001, 瑞士"""
"Les Curiades, ""Vieux-Lully 10, Bernex, 1233, 瑞士"""
"Didi's Frieden,""Stampfenbachstrasse 32, Zürich, 8006, 瑞士"""
"D'Chuchi,""Brunnengasse 3, Schaffhausen, 8200, 瑞士"""
"Gasthof zur Sonne,""Seestrasse 37, Stäfa, 8712, 瑞士"""
"Golden Dragon,""Talstrasse 3, Davos Platz, 7270, 瑞士"""
"Eintracht,""Neue Strasse 6, Kestenholz, 4703, 瑞士"""
"Café de Riex,""Route de la Corniche 24, Riex, 1097, 瑞士"""
"Zum Pflugstein,""Pflugsteinstrasse 71, Erlenbach, 8703, 瑞士"""
"Candela,""Sonnenstrasse 5, Sankt Gallen, 9000, 瑞士"""
"Zer Schlucht, ""Blomattenweg 2, Saas-Fee, 3906, 瑞士"""
"Buech,""Forchstrasse 267, Herrliberg, 8704, 瑞士"""
"Alla Cantina,""Piazza Gottardo Zurini 3, Tegna, 6652, 瑞士"""
"Netts Schützengarten,""Sankt Jakob Strasse 35, Sankt Gallen, 9000, 瑞士"""
"Café du Levant, ""Rue du Vieux Four 53, Aire-la-Ville, 1288, 瑞士"""
"Casa Caminada,""Obergass 68, Fürstenau, 7414, 瑞士"""
"Le Bologne,""Rue Necker 9, Genève, 1201, 瑞士"""
"Bären,""Halten 112, Grub, 9035, 瑞士"""
"Pensiun Aldier,""Plaz 154, Sent, 7554, 瑞士"""
"SALZHAUS,""Landhausquai 15a, Solothurn, 4500, 瑞士"""
"Rigiblick by Vreni Giger,""Germaniastrasse 99, Zürich, 8044, 瑞士"""
"Gommerstuba,""Ernerstrasse 53, Ernen, 3995, 瑞士"""
"Café de Peney, ""Route d'Aïre-La-Ville 130, Satigny, 1242, 瑞士"""
"Collonge Café, ""Chemin du Château-de-Bellerive 3, Collonge-Bellerive, 1245, 瑞士"""
"Mont, ""Route de la Télécabine 23, Haute-Nendaz, 1997, 瑞士"""
"Linde,""Niederrohrdorferstrasse 1, Fislisbach, 5442, 瑞士"""
"Osteria della Bottega,""Grand Rue 3, Genève, 1204, 瑞士"""
"Zum Kaiser Franz,""Vorstadt 8, Zug, 6300, 瑞士"""
"Dal Mulin,""Plazza dal Mulin 4, Sankt Moritz, 7500, 瑞士"""
"Balm, ""Balmstrasse 3, Meggen, 6045, 瑞士"""
"Josef,""Gasometerstrasse 24, Zürich, 8005, 瑞士"""
"BRASSERIE POISSON ROUGE, ""1-53-8 Oi, Shinagawa-ku, Tokyo, 140-0014, 日本"""
"Gasthof zum goldenen Kreuz,""Zürcherstrasse 134, Frauenfeld, 8500, 瑞士"""
"Les six, ""2F, 5-15-25 Minamiazabu, Minato-ku, Tokyo, 106-0047, 日本"""
"le bistrot des bleus, ""2F, EAT PLAY WORKS, 5-4-16 Hiro, Shibuya-ku, Tokyo, 150-0012, 日本"""
"Ma Poule, ""2-19-17 Nishikata, Bunkyo-ku, Tokyo, 113-0024, 日本"""
"Fry, ""B1F, 1-32-11 Takadanobaba, Shinjuku-ku, Tokyo, 169-0075, 日本"""
"Japanese Ramen Gokan, ""2-57-2 Higashiikebukuro, Toshima-ku, Tokyo, 170-0013, 日本"""
"Sushidokoro Shigeru, ""15 Funamachi, Shinjuku-ku, Tokyo, 160-0006, 日本"""
"Pot, ""5-22-1 Hiro, Shibuya-ku, Tokyo, 150-0012, 日本"""
"YAKUMO, ""3-6-15 Higashiyama, Meguro-ku, Tokyo, 153-0043, 日本"""
"ROZZO SICILIA, ""1-1-12 Shirokane, Minato-ku, Tokyo, 108-0072, 日本"""
"Hatsuogawa, ""2-8-4 Kaminarimon, Taito-ku, Tokyo, 111-0034, 日本"""
"Watabe, ""1-9-14 Koishikawa, Bunkyo-ku, Tokyo, 112-0002, 日本"""
"Tachigui Sushi Tonari, ""2F, 2-8-7 Azabujuban, Minato-ku, Tokyo, 106-0045, 日本"""
"Kinoshita, ""3-37-1 Yoyogi, Shibuya-ku, Tokyo, 151-0053, 日本"""
"Tempura Kakiage Yukimura, ""6-13-13 Shimbashi, Minato-ku, Tokyo, 105-0004, 日本"""
"Osobano Kouga, ""2-14-5 Nishiazabu, Minato-ku, Tokyo, 106-0031, 日本"""
"Edosoba Hosokawa, ""1-6-5 Kamezawa, Sumida-ku, Tokyo, 130-0014, 日本"""
"Tonkatsu Nanaido, ""3-42-11 Jingumae, Shibuya-ku, Tokyo, 150-0001, 日本"""
"REI, ""10-8 Motoyoyogicho, Shibuya-ku, Tokyo, 151-0062, 日本"""
"Le cabaret, ""8-8 Motoyoyogicho, Shibuya-ku, Tokyo, 151-0062, 日本"""
"L'AMITIE, ""2-9-12 Takadanobaba, Shinjuku-ku, Tokyo, 169-0075, 日本"""
"SUSHI KOURIN, ""B1F, 11-10 Kamiyamacho, Shibuya-ku, Tokyo, 150-0047, 日本"""
"Le Monde Gourmand, ""2-17-15 Midorigaoka, Meguro-ku, Tokyo, 152-0034, 日本"""
"Les Copains de DOMINIQUE BOUCHET, ""B1F, 5-1-8 Ginza, Chuo-ku, Tokyo, 104-0061, 日本"""
"Mejiro Shunkotei, ""2F, Trad Mejiro, 2-39-1 Mejiro, Toshima-ku, Tokyo, 171-0031, 日本"""
"SOBAHOUSE KONJIKI HOTOTOGISU, ""2-4-1 Shinjuku, Shinjuku-ku, Tokyo, 160-0022, 日本"""
"Cristiano's, ""1-51-10 Tomigaya Shibuya-ku, Tokyo, 151-0063, 日本"""
"Ma Cuisine, ""B1F, 1-2-14 Nishiazabu, Minato-ku, Tokyo, 106-0031, 日本"""
"there is ramen, ""3-10-16 Amanuma, Suginami-ku, Tokyo, 167-0032, 日本"""
"Tonkatsu Narikura, ""4-33-9 Naritahigashi, Suginami-ku, Tokyo, 166-0015, 日本"""
"Washokuya Taichi, ""3-36-14 Kitasenzoku, Ota-ku, Tokyo, 145-0062, 日本"""
"Tohakuan Karibe, ""4-23-19 Kasuya, Setagaya-ku, Tokyo, 157-0063, 日本"""
"T'astous, ""2-5-21 Minamiazabu, Minato-ku, Tokyo, 106-0047, 日本"""
"Seki Hanare, ""3-1-3 Setagaya, Setagaya-ku, Tokyo, 154-0017, 日本"""
"Yakitori Abe, ""3-3-4 Kamiosaki, Shinagawa-ku, Tokyo, 141-0021, 日本"""
"BRAMASOLE, ""3-42-5 Jingumae, Shibuya-ku, Tokyo, 150-0001, 日本"""
"Torishige, ""2-6-5 Yoyogi, Shibuya-ku, Tokyo, 151-0053, 日本"""
"grill GRAND, ""3-24-6 Asakusa, Taito-ku, Tokyo, 111-0032, 日本"""
"Sasaki Seimenjo, ""4-26-10 Nishiogikita, Suginami-ku, Tokyo, 167-0042, 日本"""
"Homemade Ramen Muginae, ""6-11-10 Minamioi, Shinagawa-ku, Tokyo, 140-0013, 日本"""
"IRUCA TOKYO, ""4-12-12 Roppongi, Minato-ku, Tokyo, 106-0032, 日本"""
"Yakitori SANKA, ""2F, 64-4 Yaraicho, Shinjuku-ku, Tokyo, 162-0805, 日本"""
"wokotote, ""2-35-1 Nezu, Bunkyo-ku, Tokyo, 113-0031, 日本"""
"Tachiguisushi Sushikawa, ""1-62-6 Sasazuka, Shibuya-ku, Tokyo, 151-0073, 日本"""
"Ramen Break Beats, ""4-21-19 Meguro, Meguro-ku, Tokyo, 153-0063, 日本"""
"Kuhara, ""2-25-38 Higashi, Shibuya-ku, Tokyo, 150-0011, 日本"""
"roku, ""4-1-6 Yoyogi, Shibuya-ku, Tokyo, 151-0053, 日本"""
"Katsuyoshi, ""3-4-11 Nihombashiningyocho, Chuo-ku, Tokyo, 103-0013, 日本"""
"Katchar Batchar, ""2F, 3-2-10 Minamiotsuka, Toshima-ku, Tokyo, 170-0005, 日本"""
"HARU CHAN Ramen, ""1F, Shimbashi Ekimae Ichigokan, 2-20-15 Shimbashi, Minato-ku, Tokyo, 105-0004, 日本"""
"LA BETTOLA da Ochiai, ""1-21-2 Ginza, Chuo-ku, Tokyo, 104-0061, 日本"""
"Ginza Katsukami, ""5F, 5-6-10 Ginza, Chuo-ku, Tokyo, 104-0061, 日本"""
"Negima, ""B1F, 2-31-19 Kitaotsuka, Toshima-ku, Tokyo, 170-0004, 日本"""
"BISTRO GLOUTON, ""2-33-7 Ikejiri, Setagaya-ku, Tokyo, 154-0001, 日本"""
"Sushi Yoshino, ""B1F, 2-30-2 Chuo, Nakano-ku, Tokyo, 164-0011, 日本"""
"TRATTORIA BUCA'MASSIMO, ""1-24-11 Tomioka, Koto-ku, Tokyo, 135-0047, 日本"""
"Ponta Honke, ""3-23-3 Ueno, Taito-ku, Tokyo, 110-0005, 日本"""
"Sharikimon Chawambu, ""3-22 Arakicho, Shinjuku-ku, Tokyo, 160-0007, 日本"""
"Soba Osame, ""3-21-5 Shimochiai, Shinjuku-ku, Tokyo, 161-0033, 日本"""
"CHARCUT, ""B1F, 1-11-5 Toranomon, Minato-ku, Tokyo, 105-0001, 日本"""
"Tonkatsu Enraku, ""6-1-4 Ikegami, Ota-ku, Tokyo, 146-0082, 日本"""
"Onigiri Asakusa Yadoroku, ""3-9-10 Asakusa, Taito-ku, Tokyo, 111-0032, 日本"""
"Meishan, ""37-39 Yokoteramachi, Shinjuku-ku, Tokyo, 162-0831, 日本"""
"Tonkatsu Hinata, ""2-13-9 Takadanobaba, Shinjuku-ku, Tokyo, 169-0075, 日本"""
"Matsunozushi, ""2-16-12 Minaminagasaki, Toshima-ku, Tokyo, 171-0052, 日本"""
"Mochibuta Tonkatsu Taiyo, ""3-22-7 Koyama, Shinagawa-ku, Tokyo, 142-0062, 日本"""
"Hamacho Kaneko, ""3-7-3 Nihombashihamacho, Chuo-ku, Tokyo, 103-0007, 日本"""
"Lien, ""3-5-22 Ikejiri, Setagaya-ku, Tokyo, 154-0001, 日本"""
"jeeten, ""3-2-3 Nishihara, Shibuya-ku, Tokyo, 151-0066, 日本"""
"Hashimoto, ""2-5-7 Suido, Bunkyo-ku, Tokyo, 112-0005, 日本"""
"LANBRoA, ""3-11-15 Yoga, Setagaya-ku, Tokyo, 158-0097, 日本"""
"Los Reyes Magos, ""5-55-7 Yoyogi, Shibuya-ku, Tokyo, 151-0053, 日本"""
"L'AS, ""4-16-3 Minamiaoyama, Minato-ku, Tokyo, 107-0062, 日本"""
"Le Nougat, ""6-12-2 Ginza, Chuo-ku, Tokyo, 104-0061, 日本"""
"Hakodate Shioramen Goryokaku, ""3-28-7 Amanuma, Suginami-ku, Tokyo, 167-0032, 日本"""
"RAMEN MATSUI, ""4-25-10 Yotsuya, Shinjuku-ku, Tokyo, 160-0004, 日本"""
"Shiosoba Jiku, ""4-14-7 Takaidohigashi, Suginami-ku, Tokyo, 168-0072, 日本"""
"AUDACE, ""3-8-1 Kamimeguro, Meguro-ku, Tokyo, 153-0051, 日本"""
"Sushi Mikata, ""4-1-4 Mita, Minato-ku, Tokyo, 108-0073, 日本"""
"Tensuke, ""3-22-7 Koenjikita, Suginami-ku, Tokyo, 166-0002, 日本"""
"Chukasoba Ginza Hachigou, ""3-14-2 Ginza, Chuo-ku, Tokyo, 104-0061, 日本"""
"IL BALLOND'ORO, ""1-24-10 Ebisu, Shibuya-ku, Tokyo, 150-0013, 日本"""
"sugahara, ""2F, 2-14-1 Kotobashi, Sumida-ku, Tokyo, 130-0022, 日本"""
"Asakusa Hirayama, ""1-3-14 Nishiasakusa, Taito-ku, Tokyo, 111-0035, 日本"""
"noura, ""4-10-6 Asakusa, Taito-ku, Tokyo, 111-0032, 日本"""
"Tompachitei, ""4-3-4 Ueno, Taito-ku, Tokyo, 110-0005, 日本"""
"Chukasoba KOTETSU, ""2-39-13 Kitazawa, Setagaya-ku, Tokyo, 155-0031, 日本"""
"Soba Tajima, ""3-8-6 Nishiazabu, Minato-ku, Tokyo, 106-0031, 日本"""
"AlCeppo, ""2F, 1-25-32 Shirokane, Minato-ku, Tokyo, 108-0072, 日本"""
"Sosakumenkobo NAKIRYU, ""2-34-4 Minamiotsuka, Toshima-ku, Tokyo, 170-0005, 日本"""
"DIALOGUE, ""3-23-21 Kitazawa, Setagaya-ku, Tokyo, 155-0031, 日本"""
"YAMATO, ""16-3 Nihombashitomizawacho, Chuo-ku, Tokyo, 103-0006, 日本"""
"LAUBURU, ""6-8-18 Minamiaoyama, Minato-ku, Tokyo, 107-0062, 日本"""
"Ramenya Toy Box, ""1-1-3 Higashinippori, Arakawa-ku, Tokyo, 116-0014, 日本"""
"Sugita, ""3-8-3 Kotobuki, Taito-ku, Tokyo, 111-0042, 日本"""
"Katsuo Shokudo, ""B1F, 7-12 Uguisudanicho, Shibuya-ku, Tokyo, 150-0032, 日本"""
"Mejiro Zorome, ""B1F, 3-3-1 Mejiro, Toshima-ku, Tokyo, 171-0031, 日本"""
"Ittoan, ""2-16-10 Higashijujo, Kita-ku, Tokyo, 114-0001, 日本"""
"Sennomago, ""4-4-2 Nishiogikita, Suginami-ku, Tokyo, 167-0042, 日本"""
"Kyorakutei, ""3-6 Kagurazaka, Shinjuku-ku, Tokyo, 162-0825, 日本"""
"ARROCERÍA La Panza, ""1-15-8 Ginza, Chuo-ku, Tokyo, 104-0061, 日本"""
"Shinjiko Shijimi Chukasoba Kohaku, ""2-1-3 Nishirokugo, Ota-ku, Tokyo, 144-0056, 日本"""
"Arrocería Sal y Amor, ""B1F, 12-19 Daikanyamacho, Shibuya-ku, Tokyo, 150-0034, 日本"""
"falò, ""B1F, 14-10 Daikanyamacho, Shibuya-ku, Tokyo, 150-0034, 日本"""
"HOPPERS, ""7-1 Nihombashikabutocho, Chuo-ku, Tokyo, 103-0026, 日本"""
"Mono, ""2-8-12 Shibuya, Shibuya-ku, Tokyo, 150-0002, 日本"""
"Hibino Chukashokudo, ""1-33-11 Uehara, Shibuya-ku, Tokyo, 151-0064, 日本"""
"Osteria da K. [káppa], ""5F, 8-7-2 Ginza, Chuo-ku, Tokyo, 104-0061, 日本"""
"SANTOSHAM, ""2F, 3-2 Kandaogawamachi, Chiyoda-ku, Tokyo, 101-0052, 日本"""
"Hong Fan Qie (Yuyuantan South Road),""36 Cui Wei South Lane, Yuyuantan South Road, Haidian, Beijing, 中國"""
"Bistrot Vivienne, ""4-13-19 Ginza, Chuo-ku, Tokyo, 104-0061, 日本"""
"Pang Mei Noodles (Xiang'er Hutong),""Xiang'er Hutong, 69 Dongsi North Street, Dongcheng, Beijing, 中國"""
"Jing Hua Lou,""No. 202, 2F, Building 111, Huizhong North Lane, Datun North Road, Chaoyang, Beijing, 中國"""
"Yu Hua Tai (Xicheng),""Building 23, Yuzhongxili Residence, Yumin Road, Xicheng, Beijing, 中國"""
"Tong He Ju (Yuetan South Street),""71A Yuetan South Street, Sanlihe, Xicheng, Beijing, 中國"""
"Zhong,""37 Gulou West Street, Xicheng, Beijing, 中國"""
"Niujie Halal Man Heng Ji,""14 Ping'anli West Street, Xicheng, Beijing, 中國"""
"The Red Chamber,""4F, China World Summit Wing, 1 Jianguomenwai Street, Chaoyang, Beijing, 中國"""
"Yibin,""28 Xizhong Hutong, Xicheng, Beijing, 中國"""
"Blossom Vegetarian (Dongcheng),""144 Dongzhimennei Street, Dongcheng, Beijing, 中國"""
"Tianchumiaoxiang Vegetarian (Chaoyang),""0260, Section D, 2F, Chaowai SOHO, Chaowai Street, Chaoyang, Beijing, 中國"""
"Jingyi (Liulichang East Street),""2 Liulichang East Street, Xicheng, Beijing, 中國"""
"Qiantang Garden,""59 Shuangyushu North Road, Haidian, Beijing, 中國"""
"Gong De Lin,""2 Qianmen East Street, Dongcheng, Beijing, 中國"""
"Lao Chuan Ban,""5 Gongyuan 1st Alley, Dongzongbu Hutong, Dongcheng, Beijing, 中國"""
"Bao Yuan,""North side of Building 6, Maizidian Street, Chaoyang, Beijing, 中國"""
"Rong Cuisine (Baiziwan South Er Road),""77 Baiziwan South Er Road, Chaoyang, Beijing, 中國"""
"Ladychai,""Building 21, Ganjiakou Residence, Ganjiakou North Street, Haidian, Beijing, 中國"""
"Fujian Cuisine (Dongsanhuan North Road), ""110-111, Kaidexingmao, 26A Dongsanhuan North Road, Chaoyang, Beijing, 中國"""
"Niemeijer,""Akerkstraat 20, Groningen, 9612 BE, 荷蘭"""
"Bao Du Jin Sheng Long (Ande Road),""Lane 1, Liupukang, Ande Road, Xicheng, Beijing, 中國"""
"No. 69 Fangzhuanchang Zhajiangmian (Fangzhuanchang Hutong),""1 Fangzhuanchang Hutong, Dongcheng, Beijing, 中國"""
"Alba,""Wibautstraat 105H, Amsterdam, 1091 GL, 荷蘭"""
"De Voorburcht,""Adelaarshoek 18, Hattem, 8051 GR, 荷蘭"""
"Groenewoud,""Groesbeekseweg 227, Nijmegen, 6523 NW, 荷蘭"""
"Bouwkunde,""Klooster 2, Deventer, 7411 NH, 荷蘭"""
"Nova,""Rottekade 31, Bergschenhoek, 2661 JN, 荷蘭"""
"Wils Bakery Café,""Stadionplein 24, Amsterdam, 1076 CM, 荷蘭"""
"L'Auberge,""Von Dopfflaan 10, Maastricht, 6213 NG, 荷蘭"""
"Chef aan de Werf,""Mussenstraat 11, Hilversum, 1223 RB, 荷蘭"""
"De Grote Frederik Bistro,""Frederiksplein 7, Groningen, 9724 NH, 荷蘭"""
"La Fleurie,""Rijkesluisstraat 4, Oirschot, 5688 ED, 荷蘭"""
"De Beleving, ""Hertog Hendrikstraat 6, Sint-Oedenrode, 5492 BB, 荷蘭"""
"Bistro,""Botersloot 1, Noordeloos, 4225 PR, 荷蘭"""
"Vineum,""Eendrachtsweg 23, Rotterdam, 3012 LB, 荷蘭"""
"Le Vieux Jean,""Heilige Geestkerkhof 3, Delft, 2611 HP, 荷蘭"""
"De Uitkijk,""Hellendoornsebergweg 8, Hellendoorn, 7447 PA, 荷蘭"""
"Tapisco,""Kneuterdijk 11, Den Haag, 2514 EM, 荷蘭"""
"Pouwe,""Bovenstraat 4, Hoeven, 4741 AV, 荷蘭"""
"De Lindeboom New Style,""Burg. Janssenstraat 13, Beek, 6191 JB, 荷蘭"""
"Héron,""Schalkwijkstraat 26, Utrecht, 3512 KS, 荷蘭"""
"Bij Erik,""Sluisplein 11, Leidschendam, 2266 AV, 荷蘭"""
"Rijsel,""Marcusstraat 52b, Amsterdam, 1091 TK, 荷蘭"""
"Alma Bodega,""De Lind 45A, Oisterwijk, 5061 HT, 荷蘭"""
"DiVino,""Kerkstraat 27, Hapert, 5527 EE, 荷蘭"""
"Marie,""Nieuwe Doelenstraat 2, Amsterdam, 1012 AC, 荷蘭"""
"Bistro TWO,""Roerkade 11, Roermond, 6041 KZ, 荷蘭"""
"Dokjard,""Noorderhaven 63, Groningen, 9712 VJ, 荷蘭"""
"Sea Palace,""Oosterdokskade 8, Amsterdam, 1011 AE, 荷蘭"""
"Bistrobar Berlin,""Daalseweg 15, Nijmegen, 6521 GE, 荷蘭"""
"Brasserij Kok Verhoeven,""NS Plein 32, Tilburg, 5014 DC, 荷蘭"""
"Rotonde,""Goudsesingel 230, Rotterdam, 3011 KE, 荷蘭"""
"Restaurant Blauw,""Springweg 64, Utrecht, 3511 VT, 荷蘭"""
"Escobar,""Spuiplein 15, Breskens, 4511 AN, 荷蘭"""
"Spandershoeve,""Bussumergrintweg 46, Hilversum, 1217 BS, 荷蘭"""
"Hofstede de Blaak,""Dussenpad 1, Tilburg, 5032 WL, 荷蘭"""
"Umami by Han,""Binnenrotte 140, Rotterdam, 3011 HC, 荷蘭"""
"Zilt & Zoet,""Dorpsweg 153, Maartensdijk, 3738 CD, 荷蘭"""
"Uit de Kunst,""Vijlenberg 76, Vijlen, 6294 AZ, 荷蘭"""
"Publique,""Anna Paulownaplein 4, Den Haag, 2518 BK, 荷蘭"""
"Asian Glories,""Westewagenstraat 74, Rotterdam, 3011 AT, 荷蘭"""
"HAVN,""Oude Doelenkade 7, Hoorn, 1621 BH, 荷蘭"""
"De Basiliek,""Korte Houtstraat 4a, Den Haag, 2511 CD, 荷蘭"""
"De Schans by Mike & Wes,""Willeskop 87, Montfoort, 3417 MC, 荷蘭"""
"De Aubergerie,""Kamp 88, Amersfoort, 3811 AT, 荷蘭"""
"Gym & Gin,""Kralingseweg 224, Rotterdam, 3062 CG, 荷蘭"""
"LEV by Mike,""Badweg 4, Winterswijk, 7102 EG, 荷蘭"""
"MOUT & HOUT,""Jan Smuldersstraat 24, Vessem, 5512 AZ, 荷蘭"""
"Fa. Pekelhaaring,""Van Woustraat 127, Amsterdam, 1074 AH, 荷蘭"""
"Lazuur,""Purmerplein 8, Amsterdam, 1023 BD, 荷蘭"""
"Oriole,""Oudezijds Voorburgwal 197, Amsterdam, 1012 EX, 荷蘭"""
"Waers,""Bakkerstraat 30, Roermond, 6041 JR, 荷蘭"""
"Café Visscher,""Stationsweg 7, Leiden, 2312 AS, 荷蘭"""
"Te Koop in Tilburg,""Jan Pieterszoon Coenstraat 71, Tilburg, 5018 CP, 荷蘭"""
"De Wilg, ""Sint-Antoniusstraat 30, De Mortel, 5425 VE, 荷蘭"""
"Bij Mette,""Dorpstraat 41, Linschoten, 3461 CP, 荷蘭"""
"Tabkeaw,""Rechtstraat 102, Maastricht, 6221 EL, 荷蘭"""
"Bovenmeester,""Woldpoort 57, Steenwijk, 8331 KP, 荷蘭"""
"Auberge, ""Albert Cuypstraat 58, Amsterdam, 1072 CV, 荷蘭"""
"Boompjes,""Irenestraat 1, Overloon, 5825 CA, 荷蘭"""
"Landgoed de Holtweijde,""Spiekweg 7, Lattrop, 7635 LP, 荷蘭"""
"Promessa,""Markt 3, Eersel, 5521 AJ, 荷蘭"""
"De Watergeus,""Simon van Capelweg 10, Noorden, 2431 AG, 荷蘭"""
"De Witte Gans,""Heinoseweg 30, Dalfsen, 7722 JP, 荷蘭"""
"Raedthuys,""Raadhuisstraat 14, Doetinchem, 7001 EW, 荷蘭"""
"Bistro Nijeholt,""Van Harinxmaweg 10, Beetsterzwaag, 9244 CJ, 荷蘭"""
"Lucie Cocina,""Kleine Berg 34b, Eindhoven, 5611 JV, 荷蘭"""
"LEV Foodbar,""Waterstraat 28, Doetinchem, 7001 BH, 荷蘭"""
"Bistro Aragosta,""Voorstreek 12, Leeuwarden, 8911 JN, 荷蘭"""
"A, ""Zeedijk 130, Amsterdam, 1012 BC, 荷蘭"""
"Café Samabe,""Korte Veerstraat 1, Haarlem, 2011 CL, 荷蘭"""
"Basaal,""Dunne Bierkade 3, Den Haag, 2512 BC, 荷蘭"""
"Scheepskameel,""Kattenburgerstraat 7, gebouw 24, Amsterdam, 1018 JA, 荷蘭"""
"Huson,""Scheepstimmermanslaan 14, Rotterdam, 3011 BS, 荷蘭"""
"Restaurant ñ,""Nobelstraat 22, Den Haag, 2513 BD, 荷蘭"""
"Serre,""Ferdinand Bolstraat 333, Amsterdam, 1072 LH, 荷蘭"""
"Bistrot Regent,""Hertogstraat 71, Nijmegen, 6511 RW, 荷蘭"""
"Restaurant élevé,""Heliconweg 52, Leeuwarden, 8914 AT, 荷蘭"""
"Bistrôt Chapeau,""Huizerweg 1, Blaricum, 1261 AR, 荷蘭"""
"De Watermolen,""H. Avelinghstraat 154, Velp, 6881 VW, 荷蘭"""
"Resumé by 6&24,""Bierkade 16A, Den Haag, 2512 AB, 荷蘭"""
"Wielinga,""Nieuwe Rijn 28, Leiden, 2312 JD, 荷蘭"""
"Gary’s,""1485 W. 12th Ave, Vancouver, V6H 1M6, 加拿大"""
"Seaport City Seafood,""2425 Cambie St., Vancouver, V5Z 4M5, 加拿大"""
"Karma Indian Bistro,""2741 W. 4th Ave., Vancouver, V6K 1P9, 加拿大"""
"Senang,""Samuël Hirschstraat 1, Zwolle, 8011 PT, 荷蘭"""
"Motonobu Udon,""3501 E. Hastings St., Vancouver, V5K 0E5, 加拿大"""
"Gitane,""Jan Pieter Heijestraat 146, Amsterdam, 1054 MK, 荷蘭"""
"Sushi Hil,""3330 Main St., Vancouver, V5V 3M7, 加拿大"""
"Farmer's Apprentice,""1535 W. 6th Ave., Vancouver, V6J 1R1, 加拿大"""
"Fable Kitchen,""1944 W. 4th Ave., Vancouver, V6J 1M5, 加拿大"""
"Magari by Oca,""1260 Commercial Dr., Vancouver, V5L 2T6, 加拿大"""
"Song (by Kin Kao),""317 E. Broadway, Vancouver, V5T 1W5, 加拿大"""
"Chupito,""322 W. Hastings St., Vancouver, V6B 1K6, 加拿大"""
"Say Mercy!,""4298 Fraser St., Vancouver, V5V 4G2, 加拿大"""
"Anh and Chi,""3388 Main St., Vancouver, V5V 3M7, 加拿大"""
"Lunch Lady,""1046 Commercial Dr., Vancouver, V5L 3W9, 加拿大"""
"Phnom Penh,""244 E. Georgia St., Vancouver, V6A 1Z7, 加拿大"""
"Berkeley North,""31 King William St., Hamilton, L8R 1A1, 加拿大"""
"Vij's,""3106 Cambie St., Vancouver, V5Z 2W2, 加拿大"""
"Little Bird Dim Sum + Craft Beer,""2958 W. 4th Ave., Vancouver, V6K 1R4, 加拿大"""
"Bar Raval,""505 College St., Toronto, M6G 1A5, 加拿大"""
"Grey Gardens,""199 Augusta Ave., Toronto, M5T 2L4, 加拿大"""
"Favorites Thai,""141 Ossington Ave., Toronto, M6J 2Z6, 加拿大"""
"Enoteca Sociale,""1288 Dundas St. W., Toronto, M6J 1X7, 加拿大"""
"Sunnys Chinese,""60 Kensington Ave., Toronto, M5T 2K1, 加拿大"""
"SumiLicious Smoked Meat & Deli,""5631 Steeles Ave., #5, Toronto, M1V 5P6, 加拿大"""
"Guru Lukshmi,""7070 St. Barbara Blvd., Mississauga, L5W 0E6, 加拿大"""
"La Bartola,""588 College St., Toronto, M6G 1B3, 加拿大"""
"Wynona,""819 Gerrard St. E., Toronto, M4M 1Y8, 加拿大"""
"White Lily Diner,""678 Queen St. E., Toronto, M4M 1G8, 加拿大"""
"Cherry Street Bar, ""275 Cherry St., Toronto, M5A 3L3, 加拿大"""
"Chica's Chicken,""2853 Dundas St. W., Toronto, M6P 1Y6, 加拿大"""
"Tiflisi,""1970 Queen St. E., Toronto, M4L 1H8, 加拿大"""
"Puerto Bravo,""1425 Gerrard St. E., Toronto, M4L 1Z7, 加拿大"""
"Alma,""1194 Bloor St. W., Toronto, M6H 1N2, 加拿大"""
"Campechano,""504 Adelaide St., Toronto, M5V 1T4, 加拿大"""
"The Ace,""231A Roncesvalles Ave., Toronto, M5R 2L6, 加拿大"""
"Conejo Negro,""838 College St., Toronto, M6H 1A2, 加拿大"""
"BB's,""5 Brock Ave., Toronto, M6K 2K6, 加拿大"""
"Indian Street Food Company,""1701 Bayview Ave., Toronto, M4G 3C1, 加拿大"""
"Rasa,""196 Robert St., Toronto, M5S 2K7, 加拿大"""
"R&D,""241 Spadina Ave., Toronto, M5T 2E2, 加拿大"""
"La Diabla Pozole y Mezcal,""2233 Larimer St., Denver, 80205, 美國"""
"MAKfam,""39 W. 1st Ave., Denver, 80223, 美國"""
"Glo Noodle House,""4450 W. 38th Ave., Denver, 80212, 美國"""
"Basta,""3601 Arapahoe Ave., Boulder, 80303, 美國"""
"Ash'Kara,""2005 W. 33rd Ave., Denver, 80211, 美國"""
"The Ginger Pig,""4262 Lowell Blvd., Denver, 80211, 美國"""
"Hop Alley,""3500 Larimer St., Denver, 80205, 美國"""
"Mister Oso,""3163 Larimer St., Denver, 80205, 美國"""
"Tavernetta,""1889 16th St. Mall, Denver, 80202, 美國"""
"Chen Mapo Tofu (Qinghua Road), ""No.10-12, 10 Qinghua Road, Qingyang, Chengdu, 中國"""
"Wan San Mian Guan (Jinjiang),""No.1, 131 Qinglongzheng Street, Jinjiang, Chengdu, 中國"""
"Wu Ji Guai Wei Mian (Jinjiang), ""108-11, Section 5, Yi Huan East Road, Jinjiang, Chengdu, 中國"""
"Lao Chengdu San Yang Mian, ""No. 6-8, 46 Guojielou Street, Qingyang, Chengdu, 中國"""
"The Woo's, ""39-17 Hongji Middle Road, Jinjiang, Chengdu, 中國"""
"Hu Er Ge Yao Shan Ti Hua, ""146-19, Section 1, Yi Huan West Road, Qingyang, Chengdu, 中國"""
"Nian Feng Restaurant, ""56-3 Nianfeng Alley, Jinjiang, Chengdu, 中國"""
"Yangboying Za Jiang Mian, ""19-13 Tongsi Road, Qingyang, Chengdu, 中國"""
"Ting Yuan 399 (Jinjiang),""399 Jingjusi, Jinjiang, Chengdu, 中國"""
"Gan Ji Fei Chang Fen (Jinniu), ""No. 1-3, 18 Ma'an North Road, Jinniu, Chengdu, 中國"""
"Rongrong Beida Pugaimian, ""No. 2-4, Section 2, Jiefang Road, Jinniu, Chengdu, 中國"""
"Zhuan Zhuan Hui (Lianhua South Road),""27 Lianhua South Road, Jinjiang, Chengdu, 中國"""
"Dumpling & Drinks (Lanchao Road),""16 Lanchao Road, Wuhou, Chengdu, 中國"""
"Shudidanggui (Wuhou), ""34-25 Shiwuzhong Street, Wuhou, Chengdu, 中國"""
"Organization South,""No. 209, Block 1, Pebble Walk, 669 Wanxiang South Road, Wuhou, Chengdu, 中國"""
"Zhu Ji Zhi Mian Pu,""194 Yixinqiao South Street, Jinjiang, Chengdu, 中國"""
"Guan Jin (Wuhou),""4F, Block 5, Think Zone, 19 Chenghan South Road, Wuhou, Chengdu, 中國"""
"Rong Yuan Can Guan, ""10-2 Shuhan Street, Wuhou, Chengdu, 中國"""
"Yongle Restaurant (Wuhou),""36 Xiaojiahe Middle Road, Wuhou, Chengdu, 中國"""
"Gong Zhou · Ba Shu Wei Yuan, ""64-6 Junlong Street, Jinjiang, Chengdu, 中國"""
"Yao Guai Mian,""49 Longzhou East Alley, Jinjiang, Chengdu, 中國"""
"Mind,""85 Longyang Street, Wuhou, Chengdu, 中國"""
"Mosnack, ""Shop L101-1-A, Shimao 52+ Mini Mall, 99 Mengzhuiwan Bystreet, Chenghua, Chengdu, 中國"""
"金賞軒,""松山區敦化北路155巷111號, Taipei, 臺灣"""
"一甲子餐飲,""萬華區康定路79號, Taipei, 108, 臺灣"""
"好朋友涼麵,""士林區大南路31號 (士林夜市), Taipei, 臺灣"""
"繡球,""西區中興街102號, Taichung, 臺灣"""
"上海未名麵點,""中區市府路69號, Taichung, 400, 臺灣"""
"貳哥食堂,""鼓山區青海路145號, Kaohsiung, 臺灣"""
"前金肉燥飯,""前金區大同二路26號, Kaohsiung, 臺灣"""
"春蘭割包,""新興區復興一路5號, Kaohsiung, 臺灣"""
"無名推車燒餅,""中正區中華路二段311巷74號攤 (南機場夜市), Taipei, 臺灣"""
"葉家小卷米粉,""中西區國華街二段142號, Tainan, 臺灣"""
"醉月樓,""中區中山路20號2樓 (宮原眼科), Taichung, 臺灣"""
"咕嚕咕嚕原住民音樂餐廳,""西區五權西四街13巷2號, Taichung, 臺灣"""
"松竹園,""士林區永公路546號, Taipei, 臺灣"""
"昭明海產家庭料理,""前金區自強一路53號, Kaohsiung, 臺灣"""
"廖記米糕,""橋頭區橋南路119號, Kaohsiung, 臺灣"""
"黃家蝦捲,""中西區西和路268號, Tainan, 臺灣"""
"HUGH dessert dining,""大同區重慶北路3段136巷56號, Taipei, 臺灣"""
"馨苑 (西區),""西區民生北路106號, Taichung, 403, 臺灣"""
"滬舍餘味 (南屯),""南屯區公益路二段537號, Taichung, 408, 臺灣"""
"謝掌櫃,""安平區運河路23巷5號, Tainan, 臺灣"""
"誠實鍋燒意麵,""中西區西門路一段702巷12號, Tainan, 臺灣"""
"雄記蔥抓餅,""中正區羅斯福路四段108巷2號 (公館夜市), Taipei, 臺灣"""
"楊寶寶蒸餃 (朝明路),""楠梓區朝明路106號, Kaohsiung, 814, 臺灣"""
"雙月食品 (青島東路),""中正區青島東路6之2號, Taipei, 100, 臺灣"""
"老新台菜 (九如二路),""三民區九如二路227號, Kaohsiung, 臺灣"""
"范記金之園 (中區),""中區成功路170號, Taichung, 400, 臺灣"""
"泰姬,""大安區市民大道四段48巷1號, Taipei, 106, 臺灣"""
"番紅花印度美饌,""士林區天母東路38之6號, Taipei, 111, 臺灣"""
"清真中國牛肉麵食館 (大安),""大安區延吉街137巷7弄1號, Taipei, 106, 臺灣"""
"磐石坊,""大安區樂利路15號, Taipei, 臺灣"""
"賣麵炎仔,""大同區安西街106號, Taipei, 103, 臺灣"""
"北港蔡三代筒仔米糕 (鹽埕),""鹽埕區河西路166號, Kaohsiung, 臺灣"""
"黑琵食堂,""七股區十份里海埔17之18號, Tainan, 臺灣"""
"夜間部爌肉飯,""西區精誠路109號, Taichung, 臺灣"""
"欣葉小聚,""南港區經貿二路166號 (中國信託金融園區A棟), Taipei, 115, 臺灣"""
"吾旺再季,""中正區中華路二段313巷29號 (南機場夜市), Taipei, 100, 臺灣"""
"巷子龍家常菜,""大安區四維路25號, Taipei, 臺灣"""
"鮮魚鱻,""北區北屯路75號, Taichung, 臺灣"""
"曙光居,""西屯區大墩18街104號, Taichung, 臺灣"""
"裡小樓,""西屯區西屯路２段293巷50號, Taichung, 臺灣"""
"醉楓園小館,""松山區八德路三段8巷5號, Taipei, 105, 臺灣"""
"阿星鹹粥,""中西區民族路三段289號, Tainan, 臺灣"""
"隱食家,""中山區雙城街28巷8號, Taipei, 臺灣"""
"弘記肉燥飯舖,""左營區立文路96號, Kaohsiung, 臺灣"""
"富狀元豬腳,""西區美村路一段203號, Taichung, 403, 臺灣"""
"一味品, ""中西區國華街三段177-179號 (永樂市場攤號111及112), Tainan, 臺灣"""
"茂園,""中山區長安東路二段185號, Taipei, 104, 臺灣"""
"富貴亭,""中區三民路二段18巷31號, Taichung, 400, 臺灣"""
"西羅殿牛肉湯,""北區公園南路98號, Tainan, 臺灣"""
"侯記鴨肉飯,""三民區自強一路201號, Kaohsiung, 臺灣"""
"天下三絕,""大安區仁愛路四段27巷3號, Taipei, 106, 臺灣"""
"開元紅燒土魠魚羮,""北區開元路307號, Tainan, 臺灣"""
"元味料理,""大同區華陰街227巷2號, Taipei, 臺灣"""
"老爺美食館 (鳳山), ""鳳山區海洋一路54-56號, Kaohsiung, 臺灣"""
"橋仔頭黃家肉燥飯 (橋頭),""橋頭區橋南路106號, Kaohsiung, 臺灣"""
"木公麥面,""東區富貴街37號, Taichung, 臺灣"""
"秀明豬心冬粉,""旗山區永平街41號, Kaohsiung, 臺灣"""
"牛老大涮牛肉 (自強二路),""前金區自強二路18號, Kaohsiung, 臺灣"""
"小品雅廚,""中山區中原街130號, Taipei, 臺灣"""
"三好一公道當歸鴨,""中西區府前路一段2號, Tainan, 臺灣"""
"小王煮瓜,""萬華區華西街17之4號153號攤 (華西街夜市), Taipei, 臺灣"""
"Apis Grill,""三民區褒揚東街80號, Kaohsiung, 臺灣"""
"昶鴻麵點,""萬華區華西街15號171號攤 (華西街夜市), Taipei, 108, 臺灣"""
"祥和蔬食 (中正),""中正區鎮江街1巷1號, Taipei, 100, 臺灣"""
"富鼎旺 (中區),""中區臺灣大道一段560號, Taichung, 400, 臺灣"""
"阿美飯店,""中西區民權路二段98號, Tainan, 臺灣"""
"大勇街無名鹹粥,""中西區大勇街85號, Tainan, 臺灣"""
"Pàng,""大安區文昌街181號, Taipei, 臺灣"""
"湖東牛肉館,""湖內區中山路一段107號, Kaohsiung, 臺灣"""
"正宗鴨肉飯,""左營區裕誠路245號, Kaohsiung, 臺灣"""
"源芳刈包,""萬華區華西街17之2號161號攤 (華西街夜市), Taipei, 108, 臺灣"""
"阿香的廚房,""美濃區中山路二段629號, Kaohsiung, 臺灣"""
"米院子油飯,""新興區南海街30號, Kaohsiung, 臺灣"""
"台中肉員,""南區復興路三段529號, Taichung, 402, 臺灣"""
"可口牛肉麵,""西屯區大墩路911號, Taichung, 臺灣"""
"阿文米粿,""中西區保安路74號, Tainan, 臺灣"""
"賣塩順,""鼓山區青海路173號, Kaohsiung, 臺灣"""
"軟食力,""中山區民權東路二段135巷30弄21號, Taipei, 臺灣"""
"羅家古早味 (南屯),""南屯區向上路三段65號, Taichung, 臺灣"""
"筑馨居,""中西區信義街69號, Tainan, 臺灣"""
"心潮飯店,""信義區忠孝東路五段68號2樓 (微風信義), Taipei, 110, 臺灣"""
"阿坤麵,""中區平等街142號, Taichung, 400, 臺灣"""
"好菜 (西區),""西區模範街24巷1號, Taichung, 臺灣"""
"榮榮園,""大安區信義路四段25號, Taipei, 106, 臺灣"""
"吃麵吧,""中西區保安路159之1號, Tainan, 臺灣"""
"沁園春 (中區),""中區臺灣大道一段129號, Taichung, 400, 臺灣"""
"阿城鵝肉 (中山),""台北市中山區吉林路162號, Taipei, 104, 臺灣"""
"牛稼莊,""東勢區新豐街19號, Taichung, 臺灣"""
"黃記魯肉飯,""中山區中山北路二段183巷28號, Taipei, 臺灣"""
"泰元,""苓雅區苓雅二路53號, Kaohsiung, 臺灣"""
"無名羊肉湯,""中西區府前路二段144號, Tainan, 臺灣"""
"老士官擀麵,""清水區鎮南街81之12號, Taichung, 臺灣"""
"小小樹食 (大安路),""大安區大安路一段116巷17號, Taipei, 臺灣"""
"好農家米糕,""南區健康路二段66號, Tainan, 臺灣"""
"大橋頭老牌筒仔米糕 (延平北路),""大同區延平北路三段41號, Taipei, 臺灣"""
"鍾家原上海生煎包,""士林區小東街38號 (士林夜市), Taipei, 臺灣"""
"老山東牛肉家常麵店,""萬華區西寧南路70號B1之15室 (萬年商業大樓), Taipei, 108, 臺灣"""
"彭城堂,""太平區宜昌路377號, Taichung, 411, 臺灣"""
"鼎泰豐 (信義路),""大安區信義路二段277號, Taipei, 110, 臺灣"""
"都一處 (信義),""信義區仁愛路四段506號, Taipei, 110, 臺灣"""
"小燉食室,""前鎮區廣西路226號, Kaohsiung, 臺灣"""
"田媽媽 長盈海味屋,""北門區三寮灣慈安里484號, Tainan, 727, 臺灣"""
"小初店,""南屯區大業路243號, Taichung, 臺灣"""
"舊市羊肉 (岡山),""岡山區河華路111號, Kaohsiung, 820, 臺灣"""
"良佳豬腳,""三民區陽明路229號, Kaohsiung, 臺灣"""
"沙卡,""大雅區中山路大同巷9弄7號, Taichung, 臺灣"""
"小酌之家,""中山區吉林路420號, Taipei, 臺灣"""
"東香台菜海味料理,""安南區安中路六段217號, Tainan, 臺灣"""
"小公園擔仔麵,""中西區西門路二段321號, Tainan, 臺灣"""
"落成米糕,""中西區民族路二段241號, Tainan, 臺灣"""
"葉桑生炒鴨肉焿,""東區林森路二段216號, Tainan, 臺灣"""
"麵鋪,""信義區虎林街232巷75號, Taipei, 臺灣"""
"雞家莊 (長春路),""中山區長春路55號, Taipei, 104, 臺灣"""
"永通虱目魚粥,""學甲區民權路60號, Tainan, 臺灣"""
"福泰飯桌第三代,""中西區民族路二段219號, Tainan, 臺灣"""
"菜粽李,""苓雅區成功一路159號, Kaohsiung, 臺灣"""
"博仁堂,""中西區西門路二段300巷27號, Tainan, 臺灣"""
"尚好吃牛肉湯,""北區北安路一段6號, Tainan, 臺灣"""
"鳳記鵝肉老店,""沙鹿區屏西路170號, Taichung, 臺灣"""
"添厚,""中西區新美街125巷3號, Tainan, 臺灣"""
"杭州小籠湯包 (大安),""大安區杭州南路二段17及19號, Taipei, 106, 臺灣"""
"麥謎食驗室,""中西區青年路90號, Tainan, 臺灣"""
"阿興虱目魚,""北區文賢路252號, Tainan, 臺灣"""
"鮮蒸蝦仁肉圓,""東區裕農路609號, Tainan, 臺灣"""
"Mae Malai Thai House of Noodles,""5445 Hollywood Blvd., Unit A, Los Angeles, 90027, 美國"""
"Orchard City Kitchen,""1875 S. Bascom Ave., Ste. 190, Campbell, 95008, 美國"""
"八寶彬圓仔惠 (國華街),""中西區國華街二段99號, Tainan, 臺灣"""
"FOB Kitchen,""5179 Telegraph Ave., Oakland, 94609, 美國"""
"Tacos Oscar,""420 40th St., Oakland, 94609, 美國"""
"Molti Amici,""330 Healdsburg Ave., Healdsburg, 95448, 美國"""
"Grá,""1524 Pizarro St., Los Angeles, 90026, 美國"""
"Cedro Italian Restaurant,""2385 Michael Dr., Newbury Park, 91320, 美國"""
"Coni'Seafood,""3544 W. Imperial Hwy., Inglewood, 90303, 美國"""
"Nixtaco,""1805 Cirby Way, Ste. 12, Roseville, 95661, 美國"""
"Ippuku,""2130 Center St., Berkeley, 94704, 美國"""
"Jiang Nan Spring,""910 E. Main St., Alhambra, 91801, 美國"""
"Ciccia Osteria,""2233 Logan Ave., San Diego, 92113, 美國"""
"Morning Glory,""550 W. Date St., San Diego, 92101, 美國"""
"New Dumpling,""10064 San Pablo Ave., El Cerrito, 94530, 美國"""
"Corazon Cocina,""38 W. Victoria St., Santa Barbara, 93101, 美國"""
"Cesarina,""4161 Voltaire St., San Diego, 92107, 美國"""
"Tsubaki,""1356 Allison Ave., Los Angeles, 90026, 美國"""
"Playa,""41 Throckmorton Ave., Mill Valley, 94941, 美國"""
"The Bywater,""532 N. Santa Cruz Ave., Los Gatos, 95030, 美國"""
"La Calenda,""6518 Washington St., Yountville, 94599, 美國"""
"Ramen & Tsukemen TAO,""10488 Valley View St., Buena Park, 90620, 美國"""
"Fable & Spirit,""3441 Via Lido, Ste. A, Newport Beach, 92663, 美國"""
"Ciccio,""6770 Washington St., Yountville, 94599, 美國"""
"iTalico,""341 California Ave., Palo Alto, 94306, 美國"""
"El Molino Central,""11 Central Ave., Sonoma, 95476, 美國"""
"Bee Taqueria,""5754 W. Adams Blvd., Los Angeles, 90016, 美國"""
"Flavors from Afar,""5652 Hollywood Blvd., Los Angeles, 90028, 美國"""
"Yank Sing,""101 Spear St., San Francisco, 94105, 美國"""
"Cucina Urbana,""505 Laurel St., San Diego, 92101, 美國"""
"Carnes Asadas Pancho Lopez,""3328 Pasadena Ave., Los Angeles, 90031, 美國"""
"LOLA 55,""1290 F St., San Diego, 92101, 美國"""
"Sushi Ran,""107 Caledonia St., Sausalito, 94965, 美國"""
"Dija Mara,""232 S. Coast Hwy., Oceanside, 92054, 美國"""
"Comal,""2020 Shattuck Ave., Berkeley, 94704, 美國"""
"Eat Joy Food,""18888 Labin Ct., Rowland Heights, 91748, 美國"""
"Snail Bar,""4935 Shattuck Ave., Oakland, 94609, 美國"""
"Bansang,""1560 Fillmore St., San Francisco, 94115, 美國"""
"peasants FEAST,""487 Atterdag Rd., Solvang, 93463, 美國"""
"Father’s Office,""3229 Helms Ave., Los Angeles, 90034, 美國"""
"CHAAK Kitchen,""215 El Camino Real, Tustin, 92780, 美國"""
"Pizzeria Bianco,""1320 E. 7th St., Los Angeles, 90021, 美國"""
"Taquería El Paisa,""4610 International Blvd., Oakland, 94601, 美國"""
"Kettner Exchange,""2001 Kettner Blvd., San Diego, 92101, 美國"""
"Colapasta,""1241 5th St., Santa Monica, 90401, 美國"""
"La Azteca,""4538 E. Cesar E Chavez Ave., Los Angeles, 90022, 美國"""
"Dai Ho,""9148 Las Tunas Dr., Temple City, 91780, 美國"""
"Anchor Oyster Bar,""579 Castro St., San Francisco, 94114, 美國"""
"Soba Ichi,""2311A Magnolia St., Oakland, 94607, 美國"""
"Los Carnalitos,""30200 Industrial Pkwy. S.W., Hayward, 94544, 美國"""
"Langer's,""704 S. Alvarado St., Los Angeles, 90057, 美國"""
"Rocio's Mexican Kitchen,""7891 Garfield Ave., Bell Gardens, 90201, 美國"""
"Jon & Vinny’s,""412 N. Fairfax Ave., Los Angeles, 90036, 美國"""
"Sichuan Impression,""235 W. Main St., Ste. B, Alhambra, 91801, 美國"""
"Sichuan Home,""5037 Geary Blvd., San Francisco, 94118, 美國"""
"Range Life,""2160 Railroad Ave., Livermore, 94550, 美國"""
"Flores,""2030 Union St., San Francisco, 94123, 美國"""
"Kismet,""4648 Hollywood Blvd., Los Angeles, 90027, 美國"""
"Village Sake,""19 Bolinas Rd., Fairfax, 94930, 美國"""
"Outerlands,""4001 Judah St., San Francisco, 94122, 美國"""
"Mariscos Jalisco,""753 E. Holt Ave., Pomona, 91767, 美國"""
"Maccheroni Republic,""332 S. Broadway, Los Angeles, 90013, 美國"""
"LaoXi Noodle House,""600 Live Oak Ave., Arcadia, 91006, 美國"""
"Pig in a Pickle,""341 Corte Madera Town Centre, Corte Madera, 94925, 美國"""
"Union,""37 Union St., Pasadena, 91103, 美國"""
"Luscious Dumplings,""919 W. Duarte Rd., Monrovia, 91016, 美國"""
"Okane,""669 Townsend St., San Francisco, 94103, 美國"""
"Khom Loi,""7385 Healdsburg Ave., Sebastopol, 95472, 美國"""
"Glen Ellen Star,""13648 Arnold Dr., Glen Ellen, 95442, 美國"""
"Pizzeria Mozza,""641 N. Highland Ave., Los Angeles, 90036, 美國"""
"Trestle,""531 Jackson St., San Francisco, 94133, 美國"""
"Pollo a la Brasa,""764 S. Western Ave., Los Angeles, 90005, 美國"""
"Longo Seafood,""7540 Garvey Ave., Rosemead, 91770, 美國"""
"Jo's Modern Thai,""3725 MacArthur Blvd., Oakland, 94619, 美國"""
"Z & Y,""655 Jackson St., San Francisco, 94133, 美國"""
"Yue Huang,""3860 Truxel Rd., Sacramento, 95834, 美國"""
"Maligne,""600 Broadway Ave., Seaside, 93955, 美國"""
"Yafa, ""Junipero St., Carmel-by-the-Sea, 93923, 美國"""
"A16,""2355 Chestnut St., San Francisco, 94123, 美國"""
"Moo's Craft Barbecue,""2118 N. Broadway, Los Angeles, 90031, 美國"""
"Mentone,""174 Aptos Village Way, Aptos, 95003, 美國"""
"Pine & Crane,""1521 Griffith Park Blvd., Los Angeles, 90026, 美國"""
"Izakaya Rintaro,""82 14th St., San Francisco, 94103, 美國"""
"Sama Sama Kitchen,""1208 State St., Santa Barbara, 93101, 美國"""
"Heritage Barbecue,""31721 Camino Capistrano, San Juan Capistrano, 92675, 美國"""
"Chengdu Taste,""828 W. Valley Blvd., Alhambra, 91803, 美國"""
"Pizzana,""11712 San Vicente Blvd., Los Angeles, 90049, 美國"""
"Sea Harbour,""3939 Rosemead Blvd., Rosemead, 91770, 美國"""
"Phở 79,""9941 Hazard Ave., Garden Grove, 92844, 美國"""
"Mabel’s Gone Fishing,""3770 30th St., San Diego, 92104, 美國"""
"Valley,""487 1st St. W., Sonoma, 95476, 美國"""
"Adana Restaurant,""6918 San Fernando Rd., Glendale, 91201, 美國"""
"China Village,""1335 Solano Ave., Albany, 94706, 美國"""
"Dumpling Home,""298 Gough St., San Francisco, 94102, 美國"""
"Bombera,""3459 Champion St., Oakland, 94602, 美國"""
"Dha Rae Oak,""1106 S. Western Ave., Los Angeles, 90006, 美國"""
"Horn Barbecue,""2534 Mandela Pkwy., Oakland, 94607, 美國"""
"Loquita,""202 State St., Santa Barbara, 93101, 美國"""
"Pausa,""223 E. 4th Ave., San Mateo, 94401, 美國"""
"Stockhome,""220 Western Ave., Petaluma, 94952, 美國"""
"Liu's Cafe,""3915 1/2 W. 6th St., Los Angeles, 90020, 美國"""
"Canon,""1719 34th St., Sacramento, 95816, 美國"""
"Ramen Gaijin,""6948 Sebastopol Ave., Sebastopol, 95472, 美國"""
"Frank Fat’s,""806 L St., Sacramento, 95814, 美國"""
"MAMA Oakland,""388 Grand Ave., Oakland, 94610, 美國"""
"Millennium,""5912 College Ave., Oakland, 94618, 美國"""
"Great China,""2190 Bancroft Way, Berkeley, 94704, 美國"""
"Lunasia Dim Sum House,""500 W. Main St., Alhambra, 91801, 美國"""
"Bettina,""1014 Coast Village Rd., Santa Barbara, 93108, 美國"""
"Insalata's,""120 Sir Francis Drake Blvd., San Anselmo, 94960, 美國"""
"Teni East Kitchen,""4015 Broadway, Oakland, 94611, 美國"""
"Spinning Bones,""1205 Park St., Alameda, 94501, 美國"""
"The Factory Kitchen,""1300 Factory Pl., Ste. 101, Los Angeles, 90013, 美國"""
"Del Popolo,""855 Bush St., San Francisco, 94108, 美國"""
"Luna Mexican Kitchen,""1495 The Alameda, San Jose, 95126, 美國"""
"FolkTable,""23584 Arnold Dr., Sonoma, 95476, 美國"""
"Top Hatters Kitchen,""855 Macarthur Blvd., San Leandro, 94577, 美國"""
"Ipoh Kopitiam,""1411 S. Garfield Ave., Alhambra, 91801, 美國"""
"Chifa,""4374 Eagle Rock Blvd., Los Angeles, 90041, 美國"""
"Villa's Tacos,""5455 N. Figueroa St., Los Angeles, 90042, 美國"""
"Wood Tavern,""6317 College Ave., Oakland, 94618, 美國"""
"Little Fish,""1606 W. Sunset Blvd., Los Angeles, 90026, 美國"""
"Lalibela,""1025 S. Fairfax Ave., Los Angeles, 90019, 美國"""
"Khan Saab Desi Craft Kitchen,""229 E. Commonwealth Ave., Fullerton, 92832, 美國"""
"Lola Gaspar,""211 W. 2nd St., Santa Ana, 92701, 美國"""
"Quarter Sheets,""1305 Portia St., Los Angeles, 90026, 美國"""
"Amor y Tacos,""13333 South St., Cerritos, 90703, 美國"""
"Good Good Culture Club,""3560 18th St., San Francisco, 94110, 美國"""
"Callie,""1195 Island Ave., San Diego, 92101, 美國"""
"Petiscos,""399 S. 1st St., San Jose, 95113, 美國"""
"Pijja Palace,""2711 Sunset Blvd., Los Angeles, 90026, 美國"""
"Cobi's,""2104 Main St., Santa Monica, 90405, 美國"""
"Hoe Lee Kow,""Building 4, Dubai Hills Estate Business Park, Dubai Hills, 杜拜"""
"Manohar’s Delhi Palace,""581 Azusa Way, La Puente, 91744, 美國"""
"Indya by Vineet,""Le Royal Meridien Beach Resort & Spa Hotel, Al Mamsha Street, 杜拜"""
"DUO Gastrobar,""Building 4, Dubai Hills Estate Business Park, Dubai Hills, 杜拜"""
"3Fils,""Shop 02, Jumeirah Fishing Harbour 1, Al Urouba St​reet, 杜拜"""
"Revelry,""Building 1, Dubai Hills Estate Business Park, Dubai Hills, 杜拜"""
"REIF Japanese Kushiyaki, ""Unit 70, Dar Wasl Mall, Al Wasl Road, 杜拜"""
"Aamara, ""2nd Floor, VOCO Hotel, Sheikh Zayed Rd – Trade Centre 1, 杜拜"""
"Bait Maryam,""Cluster D Jumeirah Lakes Towers, 杜拜"""
"Berenjak, ""Dar Wasl Mall - Shop 01 - Al Wasl Rd - Al Wasl, 杜拜"""
"Goldfish,""Galleria Mall, Al Wasl Road, Jumeirah 1, 杜拜"""
"21 Grams,""2nd Floor, Meyan Mall, Al Thanya Street, 杜拜"""
"Ibn Albahr,""Club Vista Mare, Palm Jumeirah, 杜拜"""
"Shabestan,""Baniyas Road, Deira Creek, 杜拜"""
"Konjiki Hototogisu, ""Mall Of Emirates - 2nd Level, 杜拜"""
"Al Khayma Heritage Restaurant,""Al Fahidi Historical Neighbourhood, 杜拜"""
"Kinoya,""The Onyx Tower 2, Sheikh Zayed Road, 杜拜"""
"Teible,""Jameel Arts Centre, Jaddaf Waterfront, 杜拜"""
"REIF Japanese Kushiyaki, ""Building 3, Dubai Hills Estate Business Park, Dubai Hills, 杜拜"""
"Miến Lươn Đông Thịnh,""87 Hang Dieu Street, Cua Dong Ward, Hoan Kiem District, Hanoi, 越南"""
"Bún Chả Cá 109,""109 Nguyen Chi Thanh Street, Hai Chau 1 Ward, Hai Chau District, Da Nang, 550000, 越南"""
"Nhà Tú,""129/4 Vo Van Tan Street, Vo Thi Sau Ward, District 3, Ho Chi Minh City, 越南"""
"Quán Nhân,""83 Phan Tu Street, My An Ward, Ngu Hanh Son District, Da Nang, 550000, 越南"""
"Bánh Xèo Tôm Nhảy Cô Ba,""248 Trung Nu Vuong Street, Binh Thuan Ward, Hai Chau District, Da Nang, 越南"""
"Phở Miến Gà Kỳ Đồng,""14/5 Bis Ky Dong Street, Ward 9, District 3, Ho Chi Minh City, 700000, 越南"""
"Bò Kho Gánh,""029 Lot H, Ngo Gia Tu Apartment, Su Van Hanh Street, Ward 2, District 10, Ho Chi Minh City, 700000, 越南"""
"Bún Chả Cá Hờn,""113/03 Nguyen Chi Thanh Street, Hai Chau 1 Ward, Hai Chau District, Da Nang, 550000, 越南"""
"The East,""5B Tong Duy Tan Street, Hang Bong Ward, Hoan Kiem District, Hanoi, 越南"""
"Bún Chả Chan,""114 Mai Hac De Street, Le Dai Hanh Ward, Hai Ba Trung District, Hanoi, 越南"""
"Bun Cha Ta (Nguyen Huu Huan Street),""21 Nguyen Huu Huan Street, Ly Thai To Ward, Hoan Kiem District, Hanoi, 100000, 越南"""
"Ngọc Chi,""202 Hoang Dieu Street, Nam Duong Ward, Hai Chau District, Da Nang, 越南"""
"Bánh Xèo 46A,""46 Dinh Cong Trang Street, Tan Dinh Ward, District 1, Ho Chi Minh City, 越南"""
"Phở Khôi Hói,""50 Hang Vai Street, Hang Bo Ward, Hoan Kiem District, Hanoi, 越南"""
"Xôi Bát,""8 Hoang Hoa Tham Street, Ward 7, Binh Thanh District, Ho Chi Minh City, 越南"""
"Phở Hương Bình,""148 Vo Thi Sau Street, Ward 8, District 3, Ho Chi Minh City, 越南"""
"Bà Đông,""145 Huynh Thuc Khang Street, Binh Hien Ward, Hai Chau District, Da Nang, 550000, 越南"""
"Phở Phượng,""25 Hoang Sa Street, Da Kao Ward, District 1, Ho Chi Minh City, 越南"""
"Mặn Mòi (Thu Duc City),""32 D11 Street, Thao Dien Ward, Thu Duc City, Ho Chi Minh City, 越南"""
"Phở Lệ (District 5), ""413-415 Nguyen Trai Street, Ward 7, District 5, Ho Chi Minh City, 越南"""
"Thìa Gỗ ,""53 Phan Thuc Duyen Street, My An Ward, Ngu Hanh Son District, Da Nang, 越南"""
"Chào Bạn,""98 To Ngoc Van Street, Quang An Ward, Tay Ho District, Hanoi, 越南"""
"Phở Gia Truyền (Hoan Kiem),""49 Bat Dan Street, Cua Dong Ward, Hoan Kiem District, Hanoi, 越南"""
"Phở Hoà Pasteur,""260C Pasteur Street, Ward 8, District 3, Ho Chi Minh City, 700000, 越南"""
"Bún Bò Huế 14B,""14B Street 46, Ward 2, District 4, Ho Chi Minh City, 754000, 越南"""
"Ăn Thôi,""114 Bach Dang Street, Hai Chau 1 Ward, Hai Chau District, Da Nang, 550000, 越南"""
"Vị Quê Kitchen,""110 Suong Nguyet Anh Street, Ben Thanh Ward, District 1, Ho Chi Minh City, 710000, 越南"""
"Bếp Mẹ ỉn (Le Thanh Ton Street),""136 Le Thanh Ton Street, Ben Thanh Ward, District 1, Ho Chi Minh City, 越南"""
"Bún Bò Bà Rơi (Hai Chau),""5 Phan Thanh Tai Street, Hoa Thuan Dong Ward, Hai Chau District, Da Nang, 越南"""
"Chay Garden (District 3),""52 Vo Van Tan Street, Ward 6, District 3, Ho Chi Minh City, 700000, 越南"""
"Bé Ni 2,""228 Vo Nguyen Giap Street, Phuoc My Ward, Son Tra District, Da Nang, 550000, 越南"""
"Cô Chủ Nhỏ,""36 Phan Tu Street, My An Ward, Ngu Hanh Son District, Da Nang, 550000, 越南"""
"Phở Gà Nguyệt,""5B Phu Doan Street, Hang Trong Ward, Hoan Kiem District, Hanoi, 100000, 越南"""
"Dim Tu Tac (Dong Du Street),""55 Dong Du Street, Ben Nghe Ward, District 1, Ho Chi Minh City, 700000, 越南"""
"Tuyết Bún Chả 34,""34 Hang Than Street, Nguyen Trung Truc Ward, Ba Dinh District, Hanoi, 越南"""
"1946 Cua Bac,""3 Yen Thanh Alley, 61 Cua Bac Street, Quan Thanh Ward, Ba Dinh District, Hanoi, 越南"""
"Năm Hiền (Phan Thanh Street),""46 Phan Thanh Street, Thac Gian Ward, Thanh Khe District, Da Nang, 越南"""
"Don Duck Old Quarter,""29 Bat Dan Street, Hang Bo Ward, Hoan Kiem District, Hanoi, 越南"""
"Phở Bò Ấu Triệu,""34 Au Trieu Street, Hang Trong Ward, Hoan Kiem District, Hanoi, 越南"""
"Mr Bảy Miền Tây,""79 Hang Dieu Street, Cua Dong Ward, Hoan Kiem District, Hanoi, 越南"""
"Habakuk,""Alley 4, Phan Huy Chu Street, Phan Chu Trinh Ward, Hoan Kiem District, Hanoi, 越南"""
"Hồng Phát (District 3), ""389-391 Vo Van Tan Street, Ward 5, District 3, Ho Chi Minh City, 越南"""
"Luk Lak,""4A Le Thanh Tong Street, Phan Chu Trinh Ward, Hoan Kiem District, Hanoi, 越南"""
"Phú Hồng,""19 Yen Bai Street, Hai Chau 1 Ward, Hai Chau District, Da Nang, 550000, 越南"""
"Tiệm Cơm Thố Chuyên Ký,""67 Ton That Dam Street, Ben Nghe Ward, District 1, Ho Chi Minh City, 70000, 越南"""
"Phở Minh,""63/6 Pasteur Street, Ben Nghe Ward, District 1, Ho Chi Minh City, 越南"""
"Rang,""384 Vo Nguyen Giap Street, My An Ward, Ngu Hanh Son District, Da Nang, 越南"""
"Hum Garden,""32 D10 Street, Thao Dien Ward, Thu Duc City, Ho Chi Minh City, 700000, 越南"""
"Chả Cá Thăng Long (6B Duong Thanh Street),""6B Duong Thanh Street, Cua Dong Ward, Hoan Kiem District, Hanoi, 越南"""
"Phở Hoàng,""460 Nguyen Tri Phuong Street, Ward 9, District 10, Ho Chi Minh City, 越南"""
"Xới Cơm,""107, Lane 36, Lang Ha Street, Lang Ha Ward, Dong Da District, Hanoi, 越南"""
"Indian Aroma Restaurant,""24 An Thuong 6 Street, My An Ward, Ngu Hanh Son District, Da Nang, 550000, 越南"""
"Cơm Tấm Ba Ghiền,""84 Dang Van Ngu Street, Ward 10, Phu Nhuan District, Ho Chi Minh City, 越南"""
"Phở Chào,""52 Nguyen Cong Tru Street, Ward 19, Binh Thanh District, Ho Chi Minh City, 越南"""
"Phở 10 Lý Quốc Sư (Hoan Kiem),""10 Ly Quoc Su Street, Hang Trong Ward, Hoan Kiem District, Hanoi, 越南"""
"Mỳ Quảng Sứa Hồng Vân,""59 Le Hong Phong Street, Phuoc Ninh Ward, Hai Chau District, Da Nang, 越南"""
"Sol Kitchen & Bar,""112 Ly Tu Trong Street, Ben Thanh Ward, District 1, Ho Chi Minh City, 700000, 越南"""
"Konoba Malo Selo,""Fratrija 1, Buje, 52460, 克羅埃西亞"""
"Vuglec Breg,""Škaričevo 151, Krapina, 49000, 克羅埃西亞"""
"Cuc Gach Quan,""10 Dang Tat Street, Tan Dinh Ward, District 1, Ho Chi Minh City, 越南"""
"Izakaya,""Selska cesta 90b, Zagreb, 10000, 克羅埃西亞"""
"Batelina,""Čimulje 25, Banjole, 52100, 克羅埃西亞"""
"Alla Beccaccia,""ul. Pineta 25, Valbandon, 52212, 克羅埃西亞"""
"Beštija,""Masarykova Ulica 11/1, Zagreb, 10000, 克羅埃西亞"""
"Tač,""Vrhovec 140, Zagreb, 10000, 克羅埃西亞"""
"Konoba Mate,""Pupnat 28, Korčula, 20260, 克羅埃西亞"""
"Fakin,""Trg Svetog Trojstva 53, Legrad, 48317, 克羅埃西亞"""
"Taj Mahal,""Nikole Gučetića 2, Dubrovnik, 20000, 克羅埃西亞"""
"Konoba Vinko,""Uz Cestu 57, Konjevrate, 22221, 克羅埃西亞"""
"Fico,""1300 East Coast Parkway, Singapore, 468964, 新加坡"""
"Zhup Zhup, ""#01-01, 458 MacPherson Road, Singapore, 368176, 新加坡"""
"Selamat Datang Warong Pak Sapari, ""Adam Food Centre, #01-09, 2 Adam Road, Singapore, 289876, 新加坡"""
"Heng Heng Cooked Food, ""Yuhua Village Market and Food Centre, #01-12, Blk 254, Jurong East Street 24, Singapore, 600254, 新加坡"""
"Soon Huat, ""North Bridge Road Market & Food Centre, #01-105, 861 North Bridge Road, Singapore, 198783, 新加坡"""
